# --------------------------------------------------,,,,,,,,,,,,,,,,,,,,,,,,,,,,,,,,,,,,,,,,,,,,,,,,,,,,,,,,
# --- WEEK 3 DATA START ---,,,,,,,,,,,,,,,,,,,,,,,,,,,,,,,,,,,,,,,,,,,,,,,,,,,,,,,,
# --------------------------------------------------,,,,,,,,,,,,,,,,,,,,,,,,,,,,,,,,,,,,,,,,,,,,,,,,,,,,,,,,
,2026,,,,,,,2026-01-12 0:00:00,,,,,,,,,,,,,,,,,,,,,,,,,,,,,,,,,,,,,,,,,,,,,,,,
Date Log,HK Trials For Week 3,# of colours,Order,Tubes,Plates/Posi,PP #,DIA,,Promise /    Complete,Comments,,,,,,,,,,,,,,,,,,,,,,,,,,,,,,,,,,,,,,,,,,,,,,
2025-11-20 0:00:00,Environ,2,,x,x,20794,50,50x132/10 Coex White,2026-01-23 0:00:00,,,,,,,,,,,,,,,,,,,,,,,,,,,,,,,,,,,,,,,,,,,,,,,
2025-11-21 0:00:00,Orijins,3,,x,x,20844,35,35x90/6 Coex White,2026-01-23 0:00:00,,,,,,,,,,,,,,,,,,,,,,,,,,,,,,,,,,,,,,,,,,,,,,,
,Nipple Cream ( Portia),6,,,,20460,35,35x110/10 Coex White,,Retrial wait on new art  8/12 still no art approval.,,,,,,,,,,,,,,,,,,,,,,,,,,,,,,,,,,,,,,,,,,,,,,
,Cuticura Overseas Plates,,,,,,,,,Tubes will run next 50 run 29 nov.,,,,,,,,,,,,,,,,,,,,,,,,,,,,,,,,,,,,,,,,,,,,,,
,Dubuit trials For Week 3,,,,,,,,,,,,,,,,,,,,,,,,,,,,,,,,,,,,,,,,,,,,,,,,,,,,,,,
2025-12-02 0:00:00,Castor Oil,3,,,,20747,35,35x120/10 COEX BLACK,2026-01-19 0:00:00,,,,,,,,,,,,,,,,,,,,,,,,,,,,,,,,,,,,,,,,,,,,,,,
2025-12-02 0:00:00,Castor Oil,3,,,,20748,50,50X160/10 Coex Black,2025-12-12 0:00:00,8/12 needs to be retrialled,,,,,,,,,,,,,,,,,,,,,,,,,,,,,,,,,,,,,,,,,,,,,,
,Playboy Tube trials,,,,,,,,,24/11We found a few samples and sent to customer. Lets see what they say.,,,,,,,,,,,,,,,,,,,,,,,,,,,,,,,,,,,,,,,,,,,,,,
,Young Solution,3,,,,20375,50,50x130/10 COEX Red,,No Signed artwork yet 17/11/25 still nothing,,,,,,,,,,,,,,,,,,,,,,,,,,,,,,,,,,,,,,,,,,,,,,
,Laminate Print Trial/Cindi Week 3,,,,,,,,,,,,,,,,,,,,,,,,,,,,,,,,,,,,,,,,,,,,,,,,,,,,,,,
2025-12-11 0:00:00,Luxury Lotion Neroli 50ml,D,,,,20850,35,35x100/4 ABL Silver,2026-01-19 0:00:00,Bytjie Salf,,,,,,,,,,,,,,,,,,,,,,,,,,,,,,,,,,,,,,,,,,,,,,
2025-12-11 0:00:00,Luxury Lotion Rose Geranium 50ml,D,,,,20851,35,35x100/4 ABL Silver,2026-01-19 0:00:00,Bytjie Salf,,,,,,,,,,,,,,,,,,,,,,,,,,,,,,,,,,,,,,,,,,,,,,
,Laminate  Assebly Week 3,,,,,,,,,,,,,,,,,,,,,,,,,,,,,,,,,,,,,,,,,,,,,,,,,,,,,,,
2025-12-11 0:00:00,Luxury Lotion Neroli 50ml,D,,,,20850,35,35x100/4 ABL Silver,2026-01-19 0:00:00,Bytjie Salf,,,,,,,,,,,,,,,,,,,,,,,,,,,,,,,,,,,,,,,,,,,,,,
2025-12-11 0:00:00,Luxury Lotion Rose Geranium 50ml,D,,,,20851,35,35x100/4 ABL Silver,2026-01-19 0:00:00,Bytjie Salf,,,,,,,,,,,,,,,,,,,,,,,,,,,,,,,,,,,,,,,,,,,,,,
,Foil Week 3,,,,,,,,,,,,,,,,,,,,,,,,,,,,,,,,,,,,,,,,,,,,,,,,,,,,,,,
,Environ,2,,,,20794,50,50x132/10 Coex White,,,,,,,,,,,,,,,,,,,,,,,,,,,,,,,,,,,,,,,,,,,,,,,,
2025-12-12 0:00:00,Luxury Lotion Neroli 50ml,D,,,,20850,35,35x100/4 ABL Silver,2026-01-19 0:00:00,Bytjie Salf,,,,,,,,,,,,,,,,,,,,,,,,,,,,,,,,,,,,,,,,,,,,,,
2025-12-12 0:00:00,Luxury Lotion Rose Geranium 50ml,D,,,,20851,35,35x100/4 ABL Silver,2026-01-19 0:00:00,Bytjie Salf,,,,,,,,,,,,,,,,,,,,,,,,,,,,,,,,,,,,,,,,,,,,,,
,Offset  Trail Week 3,,,,,,,,,,,,,,,,,,,,,,,,,,,,,,,,,,,,,,,,,,,,,,,,,,,,,,,
,S/S  Week 3,,,,,,,,,,,,,,,,,,,,,,,,,,,,,,,,,,,,,,,,,,,,,,,,,,,,,,,
2025-08-07 0:00:00,Epimax Tissue Oil,3,,x,x,20585,125ml,125 bottle,Week 4,Bottles at machine. Wait on Orer to do trial???,,,,,,,,,,,,,,,,,,,,,,,,,,,,,,,,,,,,,,,,,,,,,,
,,,,,,,,,,,,,,,,,,,,,,,,,,,,,,,,,,,,,,,,,,,,,,,,,,,,,,,,2018-05-14
,,,,,,,,,,,,,,,,,Brown 710c,,,,,,,,,,,,,,,,,,,,,,,,,,,,,,,,,,,,,,,
,,,,,,,,,,,,,,,,,,,,,,,,,,,,,,,,,,,,,,,,,,,,,,,,,,,,,,,,
# --------------------------------------------------,,,,,,,,,,,,,,,,,,,,,,,,,,,,,,,,,,,,,,,,,,,,,,,,,,,,,,,,
# --- WEEK 4 DATA START ---,,,,,,,,,,,,,,,,,,,,,,,,,,,,,,,,,,,,,,,,,,,,,,,,,,,,,,,,
# --------------------------------------------------,,,,,,,,,,,,,,,,,,,,,,,,,,,,,,,,,,,,,,,,,,,,,,,,,,,,,,,,
,2026,,,,,,,2026-01-19 0:00:00,,,,,,,,,,,,,,,,,,,,,,,,,,,,,,,,,,,,,,,,,,,,,,,,
Date Log,HK Trials For Week 4,# of colours,Order,Tubes,Plates/Posi,PP #,DIA,,Promise /    Complete,Comments,,,,,,,,,,,,,,,,,,,,,,,,,,,,,,,,,,,,,,,,,,,,,,
2026-01-22 0:00:00,Nipple Cream,6,,,,20460,35,35x110/10 Coex White,2026-01-24 0:00:00,Retrial wait on new art  8/12 still no art approval.,,,,,,,,,,,,,,,,,,,,,,,,,,,,,,,,,,,,,,,,,,,,,,
2026-01-22 0:00:00,Lumi Glow,2,,,,20869,40,40x120/10 Coex White,2026-01-24 0:00:00,,,,,,,,,,,,,,,,,,,,,,,,,,,,,,,,,,,,,,,,,,,,,,,
,Cuticura Overseas Plates,,,,,,,,,Tubes will run next 50 run 29 nov.,,,,,,,,,,,,,,,,,,,,,,,,,,,,,,,,,,,,,,,,,,,,,,
,Dubuit trials For Week 4,,,,,,,,,,,,,,,,,,,,,,,,,,,,,,,,,,,,,,,,,,,,,,,,,,,,,,,
2025-12-02 0:00:00,Castor Oil,3,,,,20747,35,35x120/10 COEX BLACK,2026-01-19 0:00:00,,,,,,,,,,,,,,,,,,,,,,,,,,,,,,,,,,,,,,,,,,,,,,,
2025-12-02 0:00:00,Castor Oil,3,,,,20748,50,50X160/10 Coex Black,2025-12-12 0:00:00,8/12 needs to be retrialled,,,,,,,,,,,,,,,,,,,,,,,,,,,,,,,,,,,,,,,,,,,,,,
,Playboy Tube trials,,,,,,,,,24/11We found a few samples and sent to customer. Lets see what they say.,,,,,,,,,,,,,,,,,,,,,,,,,,,,,,,,,,,,,,,,,,,,,,
,Young Solution,3,,,,20375,50,50x130/10 COEX Red,,No Signed artwork yet 17/11/25 still nothing,,,,,,,,,,,,,,,,,,,,,,,,,,,,,,,,,,,,,,,,,,,,,,
,Laminate Print Trial/Cindi Week 4,,,,,,,,,,,,,,,,,,,,,,,,,,,,,,,,,,,,,,,,,,,,,,,,,,,,,,,
2025-12-11 0:00:00,Luxury Lotion Neroli 50ml,D,,,,20850,35,35x100/4 ABL Silver,2026-01-19 0:00:00,Bytjie Salf,,,,,,,,,,,,,,,,,,,,,,,,,,,,,,,,,,,,,,,,,,,,,,
2025-12-11 0:00:00,Luxury Lotion Rose Geranium 50ml,D,,,,20851,35,35x100/4 ABL Silver,2026-01-19 0:00:00,Bytjie Salf,,,,,,,,,,,,,,,,,,,,,,,,,,,,,,,,,,,,,,,,,,,,,,
,Laminate  Assebly Week 4,,,,,,,,,,,,,,,,,,,,,,,,,,,,,,,,,,,,,,,,,,,,,,,,,,,,,,,
2025-12-11 0:00:00,Luxury Lotion Neroli 50ml,D,,,,20850,35,35x100/4 ABL Silver,2026-01-19 0:00:00,Bytjie Salf,,,,,,,,,,,,,,,,,,,,,,,,,,,,,,,,,,,,,,,,,,,,,,
2025-12-11 0:00:00,Luxury Lotion Rose Geranium 50ml,D,,,,20851,35,35x100/4 ABL Silver,2026-01-19 0:00:00,Bytjie Salf,,,,,,,,,,,,,,,,,,,,,,,,,,,,,,,,,,,,,,,,,,,,,,
,Foil Week 4,,,,,,,,,,,,,,,,,,,,,,,,,,,,,,,,,,,,,,,,,,,,,,,,,,,,,,,
2025-01-19 0:00:00,Environ,2,,,,20794,50,50x132/10 Coex White,2026-01-21 0:00:00,,,,,,,,,,,,,,,,,,,,,,,,,,,,,,,,,,,,,,,,,,,,,,,
2025-12-12 0:00:00,Luxury Lotion Neroli 50ml,D,,,,20850,35,35x100/4 ABL Silver,2026-01-19 0:00:00,Bytjie Salf,,,,,,,,,,,,,,,,,,,,,,,,,,,,,,,,,,,,,,,,,,,,,,
2025-12-12 0:00:00,Luxury Lotion Rose Geranium 50ml,D,,,,20851,35,35x100/4 ABL Silver,2026-01-19 0:00:00,Bytjie Salf,,,,,,,,,,,,,,,,,,,,,,,,,,,,,,,,,,,,,,,,,,,,,,
,Offset  Trail Week 4,,,,,,,,,,,,,,,,,,,,,,,,,,,,,,,,,,,,,,,,,,,,,,,,,,,,,,,
,S/S  Week 4,,,,,,,,,,,,,,,,,,,,,,,,,,,,,,,,,,,,,,,,,,,,,,,,,,,,,,,
2025-08-07 0:00:00,Epimax Tissue Oil,3,,x,x,20585,125ml,125 bottle,2026-01-24 0:00:00,Bottles at machine. Wait on Orer to do trial???,,,,,,,,,,,,,,,,,,,,,,,,,,,,,,,,,,,,,,,,,,,,,,
,,,,,,,,,,,,,,,,,,,,,,,,,,,,,,,,,,,,,,,,,,,,,,,,,,,,,,,,2018-05-14
,,,,,,,,,,,,,,,,,Brown 710c,,,,,,,,,,,,,,,,,,,,,,,,,,,,,,,,,,,,,,,
,,,,,,,,,,,,,,,,,,,,,,,,,,,,,,,,,,,,,,,,,,,,,,,,,,,,,,,,
# --------------------------------------------------,,,,,,,,,,,,,,,,,,,,,,,,,,,,,,,,,,,,,,,,,,,,,,,,,,,,,,,,
# --- WEEK 5 DATA START ---,,,,,,,,,,,,,,,,,,,,,,,,,,,,,,,,,,,,,,,,,,,,,,,,,,,,,,,,
# --------------------------------------------------,,,,,,,,,,,,,,,,,,,,,,,,,,,,,,,,,,,,,,,,,,,,,,,,,,,,,,,,
,2026,,,,,,,2026-01-26 0:00:00,,,,,,,,,,,,,,,,,,,,,,,,,,,,,,,,,,,,,,,,,,,,,,,,
Date Log,HK Trials For Week 5,# of colours,Order,Tubes,Plates/Posi,PP #,DIA,,Promise /    Complete,Comments,,,,,,,,,,,,,,,,,,,,,,,,,,,,,,,,,,,,,,,,,,,,,,
2026-01-29 0:00:00,Baku,2,,x,x,20877,35,35x90/4 Coex White,2026-01-31 0:00:00,,,,,,,,,,,,,,,,,,,,,,,,,,,,,,,,,,,,,,,,,,,,,,,
2026-01-29 0:00:00,W Beauty,1,,x,x,20878,35,35x90/4 Coex White,2026-01-31 0:00:00,,,,,,,,,,,,,,,,,,,,,,,,,,,,,,,,,,,,,,,,,,,,,,,
2026-01-29 0:00:00,Epimax,2,,x,x,20906,50,50x160/10Coex White,2026-01-31 0:00:00,,,,,,,,,,,,,,,,,,,,,,,,,,,,,,,,,,,,,,,,,,,,,,,
,Cuticura Overseas Plates,,,,,,,,,Wait on Plates from Oversees. Cindy busy with these.,,,,,,,,,,,,,,,,,,,,,,,,,,,,,,,,,,,,,,,,,,,,,,
,Dubuit trials For Week 5,,,,,,,,,,,,,,,,,,,,,,,,,,,,,,,,,,,,,,,,,,,,,,,,,,,,,,,
2025-12-02 0:00:00,Castor Oil,3,,,,20747,35,35x120/10 COEX BLACK,2026-01-19 0:00:00,,,,,,,,,,,,,,,,,,,,,,,,,,,,,,,,,,,,,,,,,,,,,,,
2025-12-02 0:00:00,Castor Oil,3,,,,20748,50,50X160/10 Coex Black,2025-12-12 0:00:00,8/12 needs to be retrialled,,,,,,,,,,,,,,,,,,,,,,,,,,,,,,,,,,,,,,,,,,,,,,
,Presta,4,x,,,20875,50,50x180/10Coex Black,,,,,,,,,,,,,,,,,,,,,,,,,,,,,,,,,,,,,,,,,,,,,,,,
,Presta,4,x,,,20876,50,50x180/10Coex Black,,,,,,,,,,,,,,,,,,,,,,,,,,,,,,,,,,,,,,,,,,,,,,,,
,House of Aloe,,,,,20865,35,35x120/10 LDPE Brown,,Excisting art with a twistC35TBHOA039F)  Green change to spot Laq.,,,,,,,,,,,,,,,,,,,,,,,,,,,,,,,,,,,,,,,,,,,,,,
,Playboy Tube trials,,,,,,,,,24/11We found a few samples and sent to customer. Lets see what they say.,,,,,,,,,,,,,,,,,,,,,,,,,,,,,,,,,,,,,,,,,,,,,,
2026-01-26 0:00:00,Young Solution,3,,,,20375,50,50x130/10 COEX Red,,No Signed artwork yet 17/11/25 still nothing,,,,,,,,,,,,,,,,,,,,,,,,,,,,,,,,,,,,,,,,,,,,,,
,Laminate Print Trial/Cindi Week 5,,,,,,,,,,,,,,,,,,,,,,,,,,,,,,,,,,,,,,,,,,,,,,,,,,,,,,,
2025-12-11 0:00:00,Luxury Lotion Neroli 50ml,D,,,,20850,35,35x100/4 ABL Silver,2026-01-19 0:00:00,Bytjie Salf,,,,,,,,,,,,,,,,,,,,,,,,,,,,,,,,,,,,,,,,,,,,,,
2025-12-11 0:00:00,Luxury Lotion Rose Geranium 50ml,D,,,,20851,35,35x100/4 ABL Silver,2026-01-19 0:00:00,Bytjie Salf,,,,,,,,,,,,,,,,,,,,,,,,,,,,,,,,,,,,,,,,,,,,,,
,SolonCare,,,,,20891,35,35x120/10 PBL,,,,,,,,,,,,,,,,,,,,,,,,,,,,,,,,,,,,,,,,,,,,,,,,
,SolonCare,,,,,20892,35,35 x120/10 PBL,,,,,,,,,,,,,,,,,,,,,,,,,,,,,,,,,,,,,,,,,,,,,,,,
,Laminate  Assebly Week 5,,,,,,,,,,,,,,,,,,,,,,,,,,,,,,,,,,,,,,,,,,,,,,,,,,,,,,,
2025-12-11 0:00:00,Luxury Lotion Neroli 50ml,D,,,,20850,35,35x100/4 ABL Silver,2026-01-19 0:00:00,Bytjie Salf,,,,,,,,,,,,,,,,,,,,,,,,,,,,,,,,,,,,,,,,,,,,,,
2025-12-11 0:00:00,Luxury Lotion Rose Geranium 50ml,D,,,,20851,35,35x100/4 ABL Silver,2026-01-19 0:00:00,Bytjie Salf,,,,,,,,,,,,,,,,,,,,,,,,,,,,,,,,,,,,,,,,,,,,,,
,SolonCare,,,,,20891,35,35x120/10 PBL,,,,,,,,,,,,,,,,,,,,,,,,,,,,,,,,,,,,,,,,,,,,,,,,
,SolonCare,,,,,20892,35,35 x120/10 PBL,,,,,,,,,,,,,,,,,,,,,,,,,,,,,,,,,,,,,,,,,,,,,,,,
,Foil Week 5,,,,,,,,,,,,,,,,,,,,,,,,,,,,,,,,,,,,,,,,,,,,,,,,,,,,,,,
2025-12-12 0:00:00,Luxury Lotion Neroli 50ml,D,,,,20850,35,35x100/4 ABL Silver,2026-01-19 0:00:00,Bytjie Salf,,,,,,,,,,,,,,,,,,,,,,,,,,,,,,,,,,,,,,,,,,,,,,
2025-12-12 0:00:00,Luxury Lotion Rose Geranium 50ml,D,,,,20851,35,35x100/4 ABL Silver,2026-01-19 0:00:00,Bytjie Salf,,,,,,,,,,,,,,,,,,,,,,,,,,,,,,,,,,,,,,,,,,,,,,
,SolonCare,,,,,20891,35,35x120/10 PBL,,,,,,,,,,,,,,,,,,,,,,,,,,,,,,,,,,,,,,,,,,,,,,,,
,SolonCare,,,,,20892,35,35 x120/10 PBL,,,,,,,,,,,,,,,,,,,,,,,,,,,,,,,,,,,,,,,,,,,,,,,,
,Offset  Trail Week 5,,,,,,,,,,,,,,,,,,,,,,,,,,,,,,,,,,,,,,,,,,,,,,,,,,,,,,,
,S/S  Week 5,,,,,,,,,,,,,,,,,,,,,,,,,,,,,,,,,,,,,,,,,,,,,,,,,,,,,,,
,,,,,,,,,,,,,,,,,,,,,,,,,,,,,,,,,,,,,,,,,,,,,,,,,,,,,,,,2018-05-14
,,,,,,,,,,,,,,,,,Brown 710c,,,,,,,,,,,,,,,,,,,,,,,,,,,,,,,,,,,,,,,
,,,,,,,,,,,,,,,,,,,,,,,,,,,,,,,,,,,,,,,,,,,,,,,,,,,,,,,,
# --------------------------------------------------,,,,,,,,,,,,,,,,,,,,,,,,,,,,,,,,,,,,,,,,,,,,,,,,,,,,,,,,
# --- WEEK 6 DATA START ---,,,,,,,,,,,,,,,,,,,,,,,,,,,,,,,,,,,,,,,,,,,,,,,,,,,,,,,,
# --------------------------------------------------,,,,,,,,,,,,,,,,,,,,,,,,,,,,,,,,,,,,,,,,,,,,,,,,,,,,,,,,
,2026,,,,,,,2026-02-02 0:00:00,,,,,,,,,,,,,,,,,,,,,,,,,,,,,,,,,,,,,,,,,,,,,,,,
Date Log,HK Trials For Week 6,# of colours,Order,Tubes,Plates/Posi,PP #,DIA,,Promise /    Complete,Comments,,,,,,,,,,,,,,,,,,,,,,,,,,,,,,,,,,,,,,,,,,,,,,
,Cuticura Overseas Plates,,,,,,,,,Wait on Plates from Oversees. Cindy busy with these. May be manufactured oversees.,,,,,,,,,,,,,,,,,,,,,,,,,,,,,,,,,,,,,,,,,,,,,,
2026-02-06 0:00:00,I/G 3 in 1,4,x,,x,20897,25,25x145/4 Coex White,2026-02-07 0:00:00,,,,,,,,,,,,,,,,,,,,,,,,,,,,,,,,,,,,,,,,,,,,,,,
2026-02-06 0:00:00,I/G Ultra,4,x,,x,20898,25,25x145/4 Coex White,2026-02-07 0:00:00,,,,,,,,,,,,,,,,,,,,,,,,,,,,,,,,,,,,,,,,,,,,,,,
2026-02-06 0:00:00,Chemical & Minral,4,x,,x,20874,35,35x100/10 Coex White,2026-02-07 0:00:00,,,,,,,,,,,,,,,,,,,,,,,,,,,,,,,,,,,,,,,,,,,,,,,
2026-02-06 0:00:00,I/G Mademoiselle,1,x,x,x,20922,35,35x117/4 Coex Yellow,2026-02-07 0:00:00,,,,,,,,,,,,,,,,,,,,,,,,,,,,,,,,,,,,,,,,,,,,,,,
2026-02-06 0:00:00,I/G Bella,1,x,x,x,20923,35,35x117/4 Coex Blue,2026-02-07 0:00:00,,,,,,,,,,,,,,,,,,,,,,,,,,,,,,,,,,,,,,,,,,,,,,,
,Oxy Daily Face Wash 150ml,4,,x,,20910,50,50x125/10 Coex White,,may not get these approvals this week,,,,,,,,,,,,,,,,,,,,,,,,,,,,,,,,,,,,,,,,,,,,,,
,Oxy Anti-Spot Scrub 150ml,4,,x,,20911,50,50x125/10 Coex White,,may not get these approvals this week,,,,,,,,,,,,,,,,,,,,,,,,,,,,,,,,,,,,,,,,,,,,,,
,Oxy Charcoal 3 in 1 125ml,5,,x,,20912,50,50x125/10 Coex White,,may not get these approvals this week,,,,,,,,,,,,,,,,,,,,,,,,,,,,,,,,,,,,,,,,,,,,,,
,Simply Florals,7,,x,,,50,50x180/10 LDPE Pink,,,,,,,,,,,,,,,,,,,,,,,,,,,,,,,,,,,,,,,,,,,,,,,,
2026-02-07 0:00:00,Simply Florals,7,,x,x,,50,50x180/10 LDPE Lilac,2026-02-08 0:00:00,1st attempt 2 attempt after plate correction will be 12/2,,,,,,,,,,,,,,,,,,,,,,,,,,,,,,,,,,,,,,,,,,,,,,
,Dubuit trials For Week 6,,,,,,,,,,,,,,,,,,,,,,,,,,,,,,,,,,,,,,,,,,,,,,,,,,,,,,,
2025-12-02 0:00:00,Castor Oil,3,,,,20747,35,35x120/10 COEX BLACK,2026-01-19 0:00:00,8/12 needs to be retrialled,,,,,,,,,,,,,,,,,,,,,,,,,,,,,,,,,,,,,,,,,,,,,,
,Castor Oil,3,,,,20748,50,50X160/10 Coex Black,2025-12-12 0:00:00,8/12 needs to be retrialled,,,,,,,,,,,,,,,,,,,,,,,,,,,,,,,,,,,,,,,,,,,,,,
,Presta,4,x,x,,20875,50,50x180/10Coex Black,,,,,,,,,,,,,,,,,,,,,,,,,,,,,,,,,,,,,,,,,,,,,,,,
,Presta,4,x,x,,20876,50,50x180/10Coex Black,,,,,,,,,,,,,,,,,,,,,,,,,,,,,,,,,,,,,,,,,,,,,,,,
,House of Aloe,,,x,,20865,35,35x120/10 LDPE Brown,,Excisting art with a twistC35TBHOA039F)  Green change to spot Laq.,,,,,,,,,,,,,,,,,,,,,,,,,,,,,,,,,,,,,,,,,,,,,,
2026-01-26 0:00:00,Young Solution,3,,,,20375,50,50x130/10 COEX Red,,No Signed artwork yet 17/11/25 still nothing,,,,,,,,,,,,,,,,,,,,,,,,,,,,,,,,,,,,,,,,,,,,,,
,Laminate Print Trial/Cindi Week 6,,,,,,,,,,,,,,,,,,,,,,,,,,,,,,,,,,,,,,,,,,,,,,,,,,,,,,,
2025-12-11 0:00:00,Luxury Lotion Neroli 50ml,D,,,,20850,35,35x100/4 ABL Silver,2026-01-19 0:00:00,Bytjie Salf,,,,,,,,,,,,,,,,,,,,,,,,,,,,,,,,,,,,,,,,,,,,,,
2025-12-11 0:00:00,Luxury Lotion Rose Geranium 50ml,D,,,,20851,35,35x100/4 ABL Silver,2026-01-19 0:00:00,Bytjie Salf,,,,,,,,,,,,,,,,,,,,,,,,,,,,,,,,,,,,,,,,,,,,,,
,SolonCare,,,,,20891,35,35x120/10 PBL,,,,,,,,,,,,,,,,,,,,,,,,,,,,,,,,,,,,,,,,,,,,,,,,
,SolonCare,,,,,20892,35,35 x120/10 PBL,,,,,,,,,,,,,,,,,,,,,,,,,,,,,,,,,,,,,,,,,,,,,,,,
,Laminate  Assebly Week 6,,,,,,,,,,,,,,,,,,,,,,,,,,,,,,,,,,,,,,,,,,,,,,,,,,,,,,,
2025-12-11 0:00:00,Luxury Lotion Neroli 50ml,D,,,,20850,35,35x100/4 ABL Silver,2026-01-19 0:00:00,Bytjie Salf,,,,,,,,,,,,,,,,,,,,,,,,,,,,,,,,,,,,,,,,,,,,,,
2025-12-11 0:00:00,Luxury Lotion Rose Geranium 50ml,D,,,,20851,35,35x100/4 ABL Silver,2026-01-19 0:00:00,Bytjie Salf,,,,,,,,,,,,,,,,,,,,,,,,,,,,,,,,,,,,,,,,,,,,,,
,SolonCare,,,,,20891,35,35x120/10 PBL,,,,,,,,,,,,,,,,,,,,,,,,,,,,,,,,,,,,,,,,,,,,,,,,
,SolonCare,,,,,20892,35,35 x120/10 PBL,,,,,,,,,,,,,,,,,,,,,,,,,,,,,,,,,,,,,,,,,,,,,,,,
,Foil Week 6,,,,,,,,,,,,,,,,,,,,,,,,,,,,,,,,,,,,,,,,,,,,,,,,,,,,,,,
2025-12-12 0:00:00,Luxury Lotion Neroli 50ml,D,,,,20850,35,35x100/4 ABL Silver,2026-01-19 0:00:00,Bytjie Salf,,,,,,,,,,,,,,,,,,,,,,,,,,,,,,,,,,,,,,,,,,,,,,
2025-12-12 0:00:00,Luxury Lotion Rose Geranium 50ml,D,,,,20851,35,35x100/4 ABL Silver,2026-01-19 0:00:00,Bytjie Salf,,,,,,,,,,,,,,,,,,,,,,,,,,,,,,,,,,,,,,,,,,,,,,
,SolonCare,,,,,20891,35,35x120/10 PBL,,,,,,,,,,,,,,,,,,,,,,,,,,,,,,,,,,,,,,,,,,,,,,,,
,SolonCare,,,,,20892,35,35 x120/10 PBL,,,,,,,,,,,,,,,,,,,,,,,,,,,,,,,,,,,,,,,,,,,,,,,,
,Offset  Trail Week 6,,,,,,,,,,,,,,,,,,,,,,,,,,,,,,,,,,,,,,,,,,,,,,,,,,,,,,,
,S/S  Week 6,,,,,,,,,,,,,,,,,,,,,,,,,,,,,,,,,,,,,,,,,,,,,,,,,,,,,,,
,,,,,,,,,,,,,,,,,,,,,,,,,,,,,,,,,,,,,,,,,,,,,,,,,,,,,,,,2018-05-14
,,,,,,,,,,,,,,,,,Brown 710c,,,,,,,,,,,,,,,,,,,,,,,,,,,,,,,,,,,,,,,
,,,,,,,,,,,,,,,,,,,,,,,,,,,,,,,,,,,,,,,,,,,,,,,,,,,,,,,,
# --------------------------------------------------,,,,,,,,,,,,,,,,,,,,,,,,,,,,,,,,,,,,,,,,,,,,,,,,,,,,,,,,
# --- WEEK 7 DATA START ---,,,,,,,,,,,,,,,,,,,,,,,,,,,,,,,,,,,,,,,,,,,,,,,,,,,,,,,,
# --------------------------------------------------,,,,,,,,,,,,,,,,,,,,,,,,,,,,,,,,,,,,,,,,,,,,,,,,,,,,,,,,
,2026,,,,,,,2026-02-09 0:00:00,,,,,,,,,,,,,,,,,,,,,,,,,,,,,,,,,,,,,,,,,,,,,,,,
Date Log,HK Trials For Week 7,# of colours,Order,Tubes,Plates/Posi,PP #,DIA,,Promise /    Complete,Comments,,,,,,,,,,,,,,,,,,,,,,,,,,,,,,,,,,,,,,,,,,,,,,
,Cuticura Overseas Plates,,,,,,,,,Wait on Plates from Oversees. Cindy busy with these. May be manufactured oversees.,,,,,,,,,,,,,,,,,,,,,,,,,,,,,,,,,,,,,,,,,,,,,,
2026-02-06 0:00:00,I/G 3 in 1,4,x,,x,20897,25,25x145/4 Coex White,2026-02-13 0:00:00,,,,,,,,,,,,,,,,,,,,,,,,,,,,,,,,,,,,,,,,,,,,,,,
2026-02-06 0:00:00,I/G Ultra,4,x,,x,20898,25,25x145/4 Coex White,2026-02-13 0:00:00,,,,,,,,,,,,,,,,,,,,,,,,,,,,,,,,,,,,,,,,,,,,,,,
2026-02-12 0:00:00,Oxy Daily Face Wash 150ml,4,,x,,20910,50,50x125/10 Coex White,2026-02-14 0:00:00,may not get these approvals this week,,,,,,,,,,,,,,,,,,,,,,,,,,,,,,,,,,,,,,,,,,,,,,
2026-02-12 0:00:00,Oxy Anti-Spot Scrub 150ml,4,,x,,20911,50,50x125/10 Coex White,2026-02-14 0:00:00,may not get these approvals this week,,,,,,,,,,,,,,,,,,,,,,,,,,,,,,,,,,,,,,,,,,,,,,
2026-02-12 0:00:00,Oxy Charcoal 3 in 1 125ml,5,,x,,20912,50,50x125/10 Coex White,2026-02-14 0:00:00,may not get these approvals this week,,,,,,,,,,,,,,,,,,,,,,,,,,,,,,,,,,,,,,,,,,,,,,
2026-02-11 0:00:00,Simply Florals,7,,x,,20886,50,50x180/10 LDPE Pink,,,,,,,,,,,,,,,,,,,,,,,,,,,,,,,,,,,,,,,,,,,,,,,,
2026-02-11 0:00:00,Simply Florals,7,,x,,20887,50,50x180/10 LDPE Pink,,,,,,,,,,,,,,,,,,,,,,,,,,,,,,,,,,,,,,,,,,,,,,,,
2026-02-07 0:00:00,Simply Florals,7,,x,x,20885,50,50x180/10 LDPE Lilac,2026-02-12 0:00:00,8/2 1st attempt 2 attempt after plate correction will be 12/2,,,,,,,,,,,,,,,,,,,,,,,,,,,,,,,,,,,,,,,,,,,,,,
2026-02-07 0:00:00,Simply Florals,7,,x,x,208854,50,50x180/10 LDPE Lilac,,,,,,,,,,,,,,,,,,,,,,,,,,,,,,,,,,,,,,,,,,,,,,,,
,Dubuit trials For Week 7,,,,,,,,,,,,,,,,,,,,,,,,,,,,,,,,,,,,,,,,,,,,,,,,,,,,,,,
2025-12-02 0:00:00,Castor Oil,3,,,,20747,35,35x120/10 COEX BLACK,2026-01-19 0:00:00,8/12 needs to be retrialled,,,,,,,,,,,,,,,,,,,,,,,,,,,,,,,,,,,,,,,,,,,,,,
,Castor Oil,3,,,,20748,50,50X160/10 Coex Black,2025-12-12 0:00:00,8/12 needs to be retrialled,,,,,,,,,,,,,,,,,,,,,,,,,,,,,,,,,,,,,,,,,,,,,,
,Presta,4,x,x,x,20875,50,50x180/10Coex Black,,,,,,,,,,,,,,,,,,,,,,,,,,,,,,,,,,,,,,,,,,,,,,,,
,Presta,4,x,x,x,20876,50,50x180/10Coex Black,,,,,,,,,,,,,,,,,,,,,,,,,,,,,,,,,,,,,,,,,,,,,,,,
,House of Aloe,,,x,,20865,35,35x120/10 LDPE Brown,,Excisting art with a twistC35TBHOA039F)  Green change to spot Laq.,,,,,,,,,,,,,,,,,,,,,,,,,,,,,,,,,,,,,,,,,,,,,,
2026-01-26 0:00:00,Young Solution,3,,,,20375,50,50x130/10 COEX Red,,No Signed artwork yet 17/11/25 still nothing,,,,,,,,,,,,,,,,,,,,,,,,,,,,,,,,,,,,,,,,,,,,,,
,Laminate Print Trial/Cindi Week 7,,,,,,,,,,,,,,,,,,,,,,,,,,,,,,,,,,,,,,,,,,,,,,,,,,,,,,,
2025-12-11 0:00:00,Luxury Lotion Neroli 50ml,D,,,,20850,35,35x100/4 ABL Silver,2026-01-19 0:00:00,Bytjie Salf,,,,,,,,,,,,,,,,,,,,,,,,,,,,,,,,,,,,,,,,,,,,,,
2025-12-11 0:00:00,Luxury Lotion Rose Geranium 50ml,D,,,,20851,35,35x100/4 ABL Silver,2026-01-19 0:00:00,Bytjie Salf,,,,,,,,,,,,,,,,,,,,,,,,,,,,,,,,,,,,,,,,,,,,,,
,SolonCare,,,,,20891,35,35x120/10 PBL,,,,,,,,,,,,,,,,,,,,,,,,,,,,,,,,,,,,,,,,,,,,,,,,
,SolonCare,,,,,20892,35,35 x120/10 PBL,,,,,,,,,,,,,,,,,,,,,,,,,,,,,,,,,,,,,,,,,,,,,,,,
,Laminate  Assebly Week 7,,,,,,,,,,,,,,,,,,,,,,,,,,,,,,,,,,,,,,,,,,,,,,,,,,,,,,,
2025-12-11 0:00:00,Luxury Lotion Neroli 50ml,D,,,,20850,35,35x100/4 ABL Silver,2026-01-19 0:00:00,Bytjie Salf,,,,,,,,,,,,,,,,,,,,,,,,,,,,,,,,,,,,,,,,,,,,,,
2025-12-11 0:00:00,Luxury Lotion Rose Geranium 50ml,D,,,,20851,35,35x100/4 ABL Silver,2026-01-19 0:00:00,Bytjie Salf,,,,,,,,,,,,,,,,,,,,,,,,,,,,,,,,,,,,,,,,,,,,,,
,SolonCare,,,,,20891,35,35x120/10 PBL,,,,,,,,,,,,,,,,,,,,,,,,,,,,,,,,,,,,,,,,,,,,,,,,
,SolonCare,,,,,20892,35,35 x120/10 PBL,,,,,,,,,,,,,,,,,,,,,,,,,,,,,,,,,,,,,,,,,,,,,,,,
,Foil Week 7,,,,,,,,,,,,,,,,,,,,,,,,,,,,,,,,,,,,,,,,,,,,,,,,,,,,,,,
2025-12-12 0:00:00,Luxury Lotion Neroli 50ml,D,,,,20850,35,35x100/4 ABL Silver,2026-01-19 0:00:00,Bytjie Salf,,,,,,,,,,,,,,,,,,,,,,,,,,,,,,,,,,,,,,,,,,,,,,
2025-12-12 0:00:00,Luxury Lotion Rose Geranium 50ml,D,,,,20851,35,35x100/4 ABL Silver,2026-01-19 0:00:00,Bytjie Salf,,,,,,,,,,,,,,,,,,,,,,,,,,,,,,,,,,,,,,,,,,,,,,
,SolonCare,,,,,20891,35,35x120/10 PBL,,,,,,,,,,,,,,,,,,,,,,,,,,,,,,,,,,,,,,,,,,,,,,,,
,SolonCare,,,,,20892,35,35 x120/10 PBL,,,,,,,,,,,,,,,,,,,,,,,,,,,,,,,,,,,,,,,,,,,,,,,,
,Offset  Trail Week 7,,,,,,,,,,,,,,,,,,,,,,,,,,,,,,,,,,,,,,,,,,,,,,,,,,,,,,,
,S/S  Week 7,,,,,,,,,,,,,,,,,,,,,,,,,,,,,,,,,,,,,,,,,,,,,,,,,,,,,,,
,,,,,,,,,,,,,,,,,,,,,,,,,,,,,,,,,,,,,,,,,,,,,,,,,,,,,,,,2018-05-14
,,,,,,,,,,,,,,,,,Brown 710c,,,,,,,,,,,,,,,,,,,,,,,,,,,,,,,,,,,,,,,
,,,,,,,,,,,,,,,,,,,,,,,,,,,,,,,,,,,,,,,,,,,,,,,,,,,,,,,,
# --------------------------------------------------,,,,,,,,,,,,,,,,,,,,,,,,,,,,,,,,,,,,,,,,,,,,,,,,,,,,,,,,
# --- WEEK 8 DATA START ---,,,,,,,,,,,,,,,,,,,,,,,,,,,,,,,,,,,,,,,,,,,,,,,,,,,,,,,,
# --------------------------------------------------,,,,,,,,,,,,,,,,,,,,,,,,,,,,,,,,,,,,,,,,,,,,,,,,,,,,,,,,
,2026,,,,,,,2026-02-16 0:00:00,,,,,,,,,,,,,,,,,,,,,,,,,,,,,,,,,,,,,,,,,,,,,,,,
Date Log,HK Trials For Week 8,# of colours,Order,Tubes,Plates/Posi,PP #,DIA,,Promise /    Complete,Comments,,,,,,,,,,,,,,,,,,,,,,,,,,,,,,,,,,,,,,,,,,,,,,
,Cuticura Overseas Plates,,,,,,,,,Wait on Plates from Oversees. Cindy busy with these. May be manufactured oversees.,,,,,,,,,,,,,,,,,,,,,,,,,,,,,,,,,,,,,,,,,,,,,,
2026-02-12 0:00:00,Oxy Charcoal 3 in 1 125ml,5,,x,,20912,50,50x125/10 Coex White,2026-02-21 0:00:00,may not get these approvals this week,,,,,,,,,,,,,,,,,,,,,,,,,,,,,,,,,,,,,,,,,,,,,,
2026-02-18 0:00:00,Dermaplex,2,,,,20972,50,50x130/10 LDPE White%,2026-02-21 0:00:00,,,,,,,,,,,,,,,,,,,,,,,,,,,,,,,,,,,,,,,,,,,,,,,
,Simply Florals Magnolia,,,,,20879,25,25x95/4 LDPE Lilac,,,,,,,,,,,,,,,,,,,,,,,,,,,,,,,,,,,,,,,,,,,,,,,,
,Simply Florals Rose,,,,,20880,25,25x95/4 LDPE Pink,,,,,,,,,,,,,,,,,,,,,,,,,,,,,,,,,,,,,,,,,,,,,,,,
,Simply Florals Magnalia,,,,,20881,35,35x110/4 LDPE Lilac,,,,,,,,,,,,,,,,,,,,,,,,,,,,,,,,,,,,,,,,,,,,,,,,
,Simply florals Vanilla,,,,,20883,35,35x110/4 LDPE Beige,,,,,,,,,,,,,,,,,,,,,,,,,,,,,,,,,,,,,,,,,,,,,,,,
2026-02-20 0:00:00,Simply Florals Rose,,,,,20882,35,35x110/4 LDP Pink,2026-02-21 0:00:00,,,,,,,,,,,,,,,,,,,,,,,,,,,,,,,,,,,,,,,,,,,,,,,
2026-02-11 0:00:00,Simply Florals Rose,7,,x,,20886,50,50x180/10 LDPE Pink,2026-02-21 0:00:00,,,,,,,,,,,,,,,,,,,,,,,,,,,,,,,,,,,,,,,,,,,,,,,
2026-02-07 0:00:00,Simply Florals Magnolia,7,,x,x,20885,50,50x180/10 LDPE Lilac,2026-02-21 0:00:00,8/2 1st attempt 2 attempt after plate correction will be 12/2,,,,,,,,,,,,,,,,,,,,,,,,,,,,,,,,,,,,,,,,,,,,,,
2026-02-07 0:00:00,Simply Florals Magnolia,7,,x,x,20884,50,50x180/10 LDPE Lilac,2026-02-21 0:00:00,,,,,,,,,,,,,,,,,,,,,,,,,,,,,,,,,,,,,,,,,,,,,,,
,Dubuit trials For Week 8,,,,,,,,,,,,,,,,,,,,,,,,,,,,,,,,,,,,,,,,,,,,,,,,,,,,,,,
2025-12-02 0:00:00,Castor Oil,3,,,,20747,35,35x120/10 COEX BLACK,2026-01-19 0:00:00,8/12 needs to be retrialled,,,,,,,,,,,,,,,,,,,,,,,,,,,,,,,,,,,,,,,,,,,,,,
,Castor Oil,3,,,,20748,50,50X160/10 Coex Black,2025-12-12 0:00:00,8/12 needs to be retrialled,,,,,,,,,,,,,,,,,,,,,,,,,,,,,,,,,,,,,,,,,,,,,,
,Presta,4,x,x,x,20875,50,50x180/10Coex Black,,,,,,,,,,,,,,,,,,,,,,,,,,,,,,,,,,,,,,,,,,,,,,,,
,Presta,4,x,x,x,20876,50,50x180/10Coex Black,,,,,,,,,,,,,,,,,,,,,,,,,,,,,,,,,,,,,,,,,,,,,,,,
,oud,2,,,,19875,50,50x180/10Coex Black,,,,,,,,,,,,,,,,,,,,,,,,,,,,,,,,,,,,,,,,,,,,,,,,
,oud,2,,,,19876,50,50x180/10Coex Black,,,,,,,,,,,,,,,,,,,,,,,,,,,,,,,,,,,,,,,,,,,,,,,,
,House of Aloe,,,x,,20865,35,35x120/10 LDPE Brown,,Excisting art with a twistC35TBHOA039F)  Green change to spot Laq.,,,,,,,,,,,,,,,,,,,,,,,,,,,,,,,,,,,,,,,,,,,,,,
2026-01-26 0:00:00,Young Solution,3,,,,20375,50,50x130/10 COEX Red,,No Signed artwork yet 17/11/25 still nothing,,,,,,,,,,,,,,,,,,,,,,,,,,,,,,,,,,,,,,,,,,,,,,
,Laminate Print Trial/Cindi Week 8,,,,,,,,,,,,,,,,,,,,,,,,,,,,,,,,,,,,,,,,,,,,,,,,,,,,,,,
2025-12-11 0:00:00,Luxury Lotion Neroli 50ml,D,,,,20850,35,35x100/4 ABL Silver,2026-01-19 0:00:00,Bytjie Salf,,,,,,,,,,,,,,,,,,,,,,,,,,,,,,,,,,,,,,,,,,,,,,
2025-12-11 0:00:00,Luxury Lotion Rose Geranium 50ml,D,,,,20851,35,35x100/4 ABL Silver,2026-01-19 0:00:00,Bytjie Salf,,,,,,,,,,,,,,,,,,,,,,,,,,,,,,,,,,,,,,,,,,,,,,
2026-02-16 0:00:00,SolonCare,,,,,20891,35,35x120/10 PBL,2026-02-16 0:00:00,,,,,,,,,,,,,,,,,,,,,,,,,,,,,,,,,,,,,,,,,,,,,,,
2026-02-16 0:00:00,SolonCare,,,,,20892,35,35 x120/10 PBL,2026-02-16 0:00:00,,,,,,,,,,,,,,,,,,,,,,,,,,,,,,,,,,,,,,,,,,,,,,,
,Laminate  Assebly Week 8,,,,,,,,,,,,,,,,,,,,,,,,,,,,,,,,,,,,,,,,,,,,,,,,,,,,,,,
2025-12-11 0:00:00,Luxury Lotion Neroli 50ml,D,,,,20850,35,35x100/4 ABL Silver,2026-01-19 0:00:00,Bytjie Salf,,,,,,,,,,,,,,,,,,,,,,,,,,,,,,,,,,,,,,,,,,,,,,
2025-12-11 0:00:00,Luxury Lotion Rose Geranium 50ml,D,,,,20851,35,35x100/4 ABL Silver,2026-01-19 0:00:00,Bytjie Salf,,,,,,,,,,,,,,,,,,,,,,,,,,,,,,,,,,,,,,,,,,,,,,
2026-02-16 0:00:00,SolonCare,,,,,20891,35,35x120/10 PBL,2026-02-16 0:00:00,,,,,,,,,,,,,,,,,,,,,,,,,,,,,,,,,,,,,,,,,,,,,,,
2026-02-16 0:00:00,SolonCare,,,,,20892,35,35 x120/10 PBL,2026-02-16 0:00:00,,,,,,,,,,,,,,,,,,,,,,,,,,,,,,,,,,,,,,,,,,,,,,,
,Foil Week 8,,,,,,,,,,,,,,,,,,,,,,,,,,,,,,,,,,,,,,,,,,,,,,,,,,,,,,,
2025-12-12 0:00:00,Luxury Lotion Neroli 50ml,D,,,,20850,35,35x100/4 ABL Silver,2026-02-18 0:00:00,Bytjie Salf,,,,,,,,,,,,,,,,,,,,,,,,,,,,,,,,,,,,,,,,,,,,,,
2025-12-12 0:00:00,Luxury Lotion Rose Geranium 50ml,D,,,,20851,35,35x100/4 ABL Silver,2026-02-18 0:00:00,Bytjie Salf,,,,,,,,,,,,,,,,,,,,,,,,,,,,,,,,,,,,,,,,,,,,,,
2026-02-16 0:00:00,SolonCare,,,,,20891,35,35x120/10 PBL,2026-02-18 0:00:00,,,,,,,,,,,,,,,,,,,,,,,,,,,,,,,,,,,,,,,,,,,,,,,
2026-02-16 0:00:00,SolonCare,,,,,20892,35,35 x120/10 PBL,2026-02-18 0:00:00,,,,,,,,,,,,,,,,,,,,,,,,,,,,,,,,,,,,,,,,,,,,,,,
2026-02-18 0:00:00,Dermaplex,2,,,,20972,50,50x130/10 LDPE White%,,,,,,,,,,,,,,,,,,,,,,,,,,,,,,,,,,,,,,,,,,,,,,,,
,Offset  Trail Week 8,,,,,,,,,,,,,,,,,,,,,,,,,,,,,,,,,,,,,,,,,,,,,,,,,,,,,,,
,S/S  Week 8,,,,,,,,,,,,,,,,,,,,,,,,,,,,,,,,,,,,,,,,,,,,,,,,,,,,,,,
,,,,,,,,,,,,,,,,,,,,,,,,,,,,,,,,,,,,,,,,,,,,,,,,,,,,,,,,2018-05-14
,,,,,,,,,,,,,,,,,Brown 710c,,,,,,,,,,,,,,,,,,,,,,,,,,,,,,,,,,,,,,,
,,,,,,,,,,,,,,,,,,,,,,,,,,,,,,,,,,,,,,,,,,,,,,,,,,,,,,,,
# --------------------------------------------------,,,,,,,,,,,,,,,,,,,,,,,,,,,,,,,,,,,,,,,,,,,,,,,,,,,,,,,,
# --- WEEK 9 DATA START ---,,,,,,,,,,,,,,,,,,,,,,,,,,,,,,,,,,,,,,,,,,,,,,,,,,,,,,,,
# --------------------------------------------------,,,,,,,,,,,,,,,,,,,,,,,,,,,,,,,,,,,,,,,,,,,,,,,,,,,,,,,,
,2026,,,,,,,2026-02-23 0:00:00,,,,,,,,,,,,,,,,,,,,,,,,,,,,,,,,,,,,,,,,,,,,,,,,
Date Log,HK Trials For Week 9,# of colours,Order,Tubes,Plates/Posi,PP #,DIA,,Promise /    Complete,Comments,,,,,,,,,,,,,,,,,,,,,,,,,,,,,,,,,,,,,,,,,,,,,,
,Cuticura Overseas Plates,,,,,,,,,Wait on Plates from Oversees. Cindy busy with these. May be manufactured oversees.,,,,,,,,,,,,,,,,,,,,,,,,,,,,,,,,,,,,,,,,,,,,,,
,Simply Florals Magnolia,,,,,20879,25,25x95/4 LDPE Lilac,,,,,,,,,,,,,,,,,,,,,,,,,,,,,,,,,,,,,,,,,,,,,,,,
2026-02-27 0:00:00,Simply Florals Rose,,,,,20880,25,25x95/4 LDPE Pink,2026-02-28 0:00:00,,,,,,,,,,,,,,,,,,,,,,,,,,,,,,,,,,,,,,,,,,,,,,,
2026-02-27 0:00:00,Simply Florals Magnalia,,,,,20881,35,35x110/4 LDPE Lilac,,,,,,,,,,,,,,,,,,,,,,,,,,,,,,,,,,,,,,,,,,,,,,,,
2026-02-27 0:00:00,Simply Florals Vanilla,,,,,20883,35,35x110/4 LDPE Beige,,,,,,,,,,,,,,,,,,,,,,,,,,,,,,,,,,,,,,,,,,,,,,,,
2026-02-20 0:00:00,Simply Florals Rose,,,,,20882,35,35x110/4 LDP Pink,29 feb 2026,,,,,,,,,,,,,,,,,,,,,,,,,,,,,,,,,,,,,,,,,,,,,,,
,Dubuit trials For Week 9,,,,,,,,,,,,,,,,,,,,,,,,,,,,,,,,,,,,,,,,,,,,,,,,,,,,,,,
2025-12-02 0:00:00,Castor Oil,3,,,,20747,35,35x120/10 COEX BLACK,2026-01-19 0:00:00,8/12 needs to be retrialled,,,,,,,,,,,,,,,,,,,,,,,,,,,,,,,,,,,,,,,,,,,,,,
,Castor Oil,3,,,,20748,50,50X160/10 Coex Black,2025-12-12 0:00:00,8/12 needs to be retrialled,,,,,,,,,,,,,,,,,,,,,,,,,,,,,,,,,,,,,,,,,,,,,,
,Presta,4,x,x,x,20875,50,50x180/10Coex Black,,,,,,,,,,,,,,,,,,,,,,,,,,,,,,,,,,,,,,,,,,,,,,,,
,Presta,4,x,x,x,20876,50,50x180/10Coex Black,,,,,,,,,,,,,,,,,,,,,,,,,,,,,,,,,,,,,,,,,,,,,,,,
,oud,2,,,,19875,50,50x180/10Coex Black,,,,,,,,,,,,,,,,,,,,,,,,,,,,,,,,,,,,,,,,,,,,,,,,
,oud,2,,,,19876,50,50x180/10Coex Black,,,,,,,,,,,,,,,,,,,,,,,,,,,,,,,,,,,,,,,,,,,,,,,,
,House of Aloe,,,x,,20865,35,35x120/10 LDPE Brown,,Excisting art with a twistC35TBHOA039F)  Green change to spot Laq.,,,,,,,,,,,,,,,,,,,,,,,,,,,,,,,,,,,,,,,,,,,,,,
2026-01-26 0:00:00,Young Solution,3,,,,20375,50,50x130/10 COEX Red,,No Signed artwork yet 17/11/25 still nothing,,,,,,,,,,,,,,,,,,,,,,,,,,,,,,,,,,,,,,,,,,,,,,
,Laminate Print Trial/Cindi Week 9,,,,,,,,,,,,,,,,,,,,,,,,,,,,,,,,,,,,,,,,,,,,,,,,,,,,,,,
,Laminate  Assebly Week 9,,,,,,,,,,,,,,,,,,,,,,,,,,,,,,,,,,,,,,,,,,,,,,,,,,,,,,,
,Foil Week 9,,,,,,,,,,,,,,,,,,,,,,,,,,,,,,,,,,,,,,,,,,,,,,,,,,,,,,,
2026-02-18 0:00:00,Dermaplex,2,,,,20972,50,50x130/10 LDPE White,2026-02-23 0:00:00,,,,,,,,,,,,,,,,,,,,,,,,,,,,,,,,,,,,,,,,,,,,,,,
,Offset  Trail Week 9,,,,,,,,,,,,,,,,,,,,,,,,,,,,,,,,,,,,,,,,,,,,,,,,,,,,,,,
,S/S  Week 9,,,,,,,,,,,,,,,,,,,,,,,,,,,,,,,,,,,,,,,,,,,,,,,,,,,,,,,
,,,,,,,,,,,,,,,,,,,,,,,,,,,,,,,,,,,,,,,,,,,,,,,,,,,,,,,,2018-05-14
,,,,,,,,,,,,,,,,,Brown 710c,,,,,,,,,,,,,,,,,,,,,,,,,,,,,,,,,,,,,,,
,,,,,,,,,,,,,,,,,,,,,,,,,,,,,,,,,,,,,,,,,,,,,,,,,,,,,,,,
# --------------------------------------------------,,,,,,,,,,,,,,,,,,,,,,,,,,,,,,,,,,,,,,,,,,,,,,,,,,,,,,,,
# --- WEEK 10 DATA START ---,,,,,,,,,,,,,,,,,,,,,,,,,,,,,,,,,,,,,,,,,,,,,,,,,,,,,,,,
# --------------------------------------------------,,,,,,,,,,,,,,,,,,,,,,,,,,,,,,,,,,,,,,,,,,,,,,,,,,,,,,,,
,2026,,,,,,,2026-03-02 0:00:00,,,,,,,,,,,,,,,,,,,,,,,,,,,,,,,,,,,,,,,,,,,,,,,,
Date Log,HK Trials For Week 10,# of colours,Order,Tubes,Plates/Posi,PP #,DIA,,Promise /    Complete,Comments,,,,,,,,,,,,,,,,,,,,,,,,,,,,,,,,,,,,,,,,,,,,,,
,Cuticura Overseas Plates,,,,,,,,,Wait on Plates from Oversees. Cindy busy with these. May be manufactured oversees.,,,,,,,,,,,,,,,,,,,,,,,,,,,,,,,,,,,,,,,,,,,,,,
2026-02-27 0:00:00,Simply Florals Magnolia,7,x,x,x,20879,25,25x95/4 LDPE Lilac,2026-03-03 0:00:00,,,,,,,,,,,,,,,,,,,,,,,,,,,,,,,,,,,,,,,,,,,,,,,
2026-02-27 0:00:00,Simply Florals Magnalia,7,x,x,x,20881,35,35x110/4 LDPE Lilac,2026-02-28 0:00:00,,,,,,,,,,,,,,,,,,,,,,,,,,,,,,,,,,,,,,,,,,,,,,,
2026-02-27 0:00:00,Simply Florals Vanilla,7,x,x,x,20883,35,35x110/4 LDPE Beige,,,,,,,,,,,,,,,,,,,,,,,,,,,,,,,,,,,,,,,,,,,,,,,,
2026-03-04 0:00:00,Medirite,6,x,,x,20982,35,35x90/4 Coex White,,,,,,,,,,,,,,,,,,,,,,,,,,,,,,,,,,,,,,,,,,,,,,,,
2026-03-04 0:00:00,Caribbean Tinted,4,,x,,20954,50,50x160/10 Coex Cream,,,,,,,,,,,,,,,,,,,,,,,,,,,,,,,,,,,,,,,,,,,,,,,,
2026-03-04 0:00:00,Caribbean Tinted,4,,x,,20955,50,50x160/10 Coex Cream,,,,,,,,,,,,,,,,,,,,,,,,,,,,,,,,,,,,,,,,,,,,,,,,
2026-03-04 0:00:00,Caribbean Tinted,4,,x,,20956,50,50x160/10 Coex Cream,,,,,,,,,,,,,,,,,,,,,,,,,,,,,,,,,,,,,,,,,,,,,,,,
2026-02-27 0:00:00,Environ RAD Active SPF20 100ml,2,,,x,20980,,35x150/2 ABL White,,,,,,,,,,,,,,,,,,,,,,,,,,,,,,,,,,,,,,,,,,,,,,,,
,Dubuit trials For Week 10,,,,,,,,,,,,,,,,,,,,,,,,,,,,,,,,,,,,,,,,,,,,,,,,,,,,,,,
2025-12-02 0:00:00,Castor Oil,3,,,,20747,35,35x120/10 COEX BLACK,2026-01-19 0:00:00,8/12 needs to be retrialled,,,,,,,,,,,,,,,,,,,,,,,,,,,,,,,,,,,,,,,,,,,,,,
,Castor Oil,3,,,,20748,50,50X160/10 Coex Black,2025-12-12 0:00:00,8/12 needs to be retrialled,,,,,,,,,,,,,,,,,,,,,,,,,,,,,,,,,,,,,,,,,,,,,,
,Presta,4,x,x,x,20875,50,50x180/10Coex Black,,,,,,,,,,,,,,,,,,,,,,,,,,,,,,,,,,,,,,,,,,,,,,,,
,Presta,4,x,x,x,20876,50,50x180/10Coex Black,,,,,,,,,,,,,,,,,,,,,,,,,,,,,,,,,,,,,,,,,,,,,,,,
,oud,2,,,,19875,50,50x180/10Coex Black,,,,,,,,,,,,,,,,,,,,,,,,,,,,,,,,,,,,,,,,,,,,,,,,
,oud,2,,,,19876,50,50x180/10Coex Black,,,,,,,,,,,,,,,,,,,,,,,,,,,,,,,,,,,,,,,,,,,,,,,,
,House of Aloe,,,x,,20865,35,35x120/10 LDPE Brown,,Excisting art with a twistC35TBHOA039F)  Green change to spot Laq.,,,,,,,,,,,,,,,,,,,,,,,,,,,,,,,,,,,,,,,,,,,,,,
2026-01-26 0:00:00,Young Solution,3,,,,20375,50,50x130/10 COEX Red,,No Signed artwork yet 17/11/25 still nothing,,,,,,,,,,,,,,,,,,,,,,,,,,,,,,,,,,,,,,,,,,,,,,
,Laminate Print Trial/Cindi Week  10,,,,,,,,,,,,,,,,,,,,,,,,,,,,,,,,,,,,,,,,,,,,,,,,,,,,,,,
,Laminate  Assebly Week 10,,,,,,,,,,,,,,,,,,,,,,,,,,,,,,,,,,,,,,,,,,,,,,,,,,,,,,,
,Foil Week 10,,,,,,,,,,,,,,,,,,,,,,,,,,,,,,,,,,,,,,,,,,,,,,,,,,,,,,,
,Simply Florals Magnolia,,,,,20879,25,25x95/4 LDPE Lilac,,,,,,,,,,,,,,,,,,,,,,,,,,,,,,,,,,,,,,,,,,,,,,,,
2026-02-27 0:00:00,Simply Florals Magnalia,,,,,20881,35,35x110/4 LDPE Lilac,,,,,,,,,,,,,,,,,,,,,,,,,,,,,,,,,,,,,,,,,,,,,,,,
2026-02-27 0:00:00,Simply Florals Vanilla,,,,,20883,35,35x110/4 LDPE Beige,,,,,,,,,,,,,,,,,,,,,,,,,,,,,,,,,,,,,,,,,,,,,,,,
,Offset  Trail Week 10,,,,,,,,,,,,,,,,,,,,,,,,,,,,,,,,,,,,,,,,,,,,,,,,,,,,,,,
,S/S  Week 10,,,,,,,,,,,,,,,,,,,,,,,,,,,,,,,,,,,,,,,,,,,,,,,,,,,,,,,
,,,,,,,,,,,,,,,,,,,,,,,,,,,,,,,,,,,,,,,,,,,,,,,,,,,,,,,,2018-05-14
,,,,,,,,,,,,,,,,,Brown 710c,,,,,,,,,,,,,,,,,,,,,,,,,,,,,,,,,,,,,,,
,,,,,,,,,,,,,,,,,,,,,,,,,,,,,,,,,,,,,,,,,,,,,,,,,,,,,,,,
# --------------------------------------------------,,,,,,,,,,,,,,,,,,,,,,,,,,,,,,,,,,,,,,,,,,,,,,,,,,,,,,,,
# --- WEEK 11 DATA START ---,,,,,,,,,,,,,,,,,,,,,,,,,,,,,,,,,,,,,,,,,,,,,,,,,,,,,,,,
# --------------------------------------------------,,,,,,,,,,,,,,,,,,,,,,,,,,,,,,,,,,,,,,,,,,,,,,,,,,,,,,,,
,2026,,,,,,,2026-03-08 0:00:00,,,,,,,,,,,,,,,,,,,,,,,,,,,,,,,,,,,,,,,,,,,,,,,,
Date Log,HK Trials For Week 11,# of colours,Order,Tubes,Plates/Posi,PP #,DIA,,Promise /    Complete,Comments,,,,,,,,,,,,,,,,,,,,,,,,,,,,,,,,,,,,,,,,,,,,,,
,Cuticura Overseas Plates,,,,,,,,,Wait on Plates from Oversees. Cindy busy with these. May be manufactured oversees.,,,,,,,,,,,,,,,,,,,,,,,,,,,,,,,,,,,,,,,,,,,,,,
2026-02-27 0:00:00,Simply Florals Vanilla,7,x,x,x,20883,35,35x110/4 LDPE Beige,,,,,,,,,,,,,,,,,,,,,,,,,,,,,,,,,,,,,,,,,,,,,,,,
2026-03-04 0:00:00,Medirite,6,x,,x,20982,35,35x90/4 Coex White,,,,,,,,,,,,,,,,,,,,,,,,,,,,,,,,,,,,,,,,,,,,,,,,
,Arthrosan Gel,4,,,,21039,40,40x120/10 Coex White,,,,,,,,,,,,,,,,,,,,,,,,,,,,,,,,,,,,,,,,,,,,,,,,
,Intrigue,2,,,,20969,40,40x105/10 Coex Maroon,,,,,,,,,,,,,,,,,,,,,,,,,,,,,,,,,,,,,,,,,,,,,,,,
2026-03-04 0:00:00,Caribbean Tinted,4,,x,,20954,50,50x160/10 Coex Cream,,,,,,,,,,,,,,,,,,,,,,,,,,,,,,,,,,,,,,,,,,,,,,,,
2026-03-04 0:00:00,Caribbean Tinted,4,,x,,20955,50,50x160/10 Coex Cream,,,,,,,,,,,,,,,,,,,,,,,,,,,,,,,,,,,,,,,,,,,,,,,,
2026-03-04 0:00:00,Caribbean Tinted,4,,x,,20956,50,50x160/10 Coex Cream,,,,,,,,,,,,,,,,,,,,,,,,,,,,,,,,,,,,,,,,,,,,,,,,
,Intrigue,2,,,,20970,50,50x160/10 Coex Maroon,,,,,,,,,,,,,,,,,,,,,,,,,,,,,,,,,,,,,,,,,,,,,,,,
2026-02-27 0:00:00,Environ RAD Active SPF20 100ml,2,,,x,20980,,35x150/2 ABL White,2026-03-09 0:00:00,,,,,,,,,,,,,,,,,,,,,,,,,,,,,,,,,,,,,,,,,,,,,,,
,Environ Change head,,,,,,,,,,,,,,,,,,,,,,,,,,,,,,,,,,,,,,,,,,,,,,,,,,,,,,,
,Environ Change head,,,,,,,,,,,,,,,,,,,,,,,,,,,,,,,,,,,,,,,,,,,,,,,,,,,,,,,
,Dubuit trials For Week 11,,,,,,,,,,,,,,,,,,,,,,,,,,,,,,,,,,,,,,,,,,,,,,,,,,,,,,,
2025-12-02 0:00:00,Castor Oil,3,,,,20747,35,35x120/10 COEX BLACK,2026-01-19 0:00:00,8/12 needs to be retrialled,,,,,,,,,,,,,,,,,,,,,,,,,,,,,,,,,,,,,,,,,,,,,,
,House of Aloe,,,x,,20865,35,35x120/10 LDPE Brown,,Excisting art with a twistC35TBHOA039F)  Green change to spot Laq.,,,,,,,,,,,,,,,,,,,,,,,,,,,,,,,,,,,,,,,,,,,,,,
2026-03-06 0:00:00,Insect Repellant,5,x,x,x,20920,40,40x120/10 Coex Orange,,,,,,,,,,,,,,,,,,,,,,,,,,,,,,,,,,,,,,,,,,,,,,,,
,Castor Oil,3,,,,20748,50,50X160/10 Coex Black,2025-12-12 0:00:00,8/12 needs to be retrialled,,,,,,,,,,,,,,,,,,,,,,,,,,,,,,,,,,,,,,,,,,,,,,
,Presta,4,x,x,x,20875,50,50x180/10Coex Black,,,,,,,,,,,,,,,,,,,,,,,,,,,,,,,,,,,,,,,,,,,,,,,,
,Presta,4,x,x,x,20876,50,50x180/10Coex Black,,,,,,,,,,,,,,,,,,,,,,,,,,,,,,,,,,,,,,,,,,,,,,,,
,oud,2,,,,19875,50,50x180/10Coex Black,,Retrial,,,,,,,,,,,,,,,,,,,,,,,,,,,,,,,,,,,,,,,,,,,,,,
,oud,2,,,,19876,50,50x180/10Coex Black,,Retrial,,,,,,,,,,,,,,,,,,,,,,,,,,,,,,,,,,,,,,,,,,,,,,
2026-01-26 0:00:00,Young Solution,3,,,,20375,50,50x130/10 COEX Red,,No Signed artwork yet 17/11/25 still nothing,,,,,,,,,,,,,,,,,,,,,,,,,,,,,,,,,,,,,,,,,,,,,,
,Laminate Print Trial/Cindi Week  11,,,,,,,,,,,,,,,,,,,,,,,,,,,,,,,,,,,,,,,,,,,,,,,,,,,,,,,
,Laminate  Assebly Week 11,,,,,,,,,,,,,,,,,,,,,,,,,,,,,,,,,,,,,,,,,,,,,,,,,,,,,,,
,Foil Week 11,,,,,,,,,,,,,,,,,,,,,,,,,,,,,,,,,,,,,,,,,,,,,,,,,,,,,,,
,Environ Change head,,,,,,,,,,,,,,,,,,,,,,,,,,,,,,,,,,,,,,,,,,,,,,,,,,,,,,,
,Environ Change head,,,,,,,,,,,,,,,,,,,,,,,,,,,,,,,,,,,,,,,,,,,,,,,,,,,,,,,
,Offset  Trail Week 11,,,,,,,,,,,,,,,,,,,,,,,,,,,,,,,,,,,,,,,,,,,,,,,,,,,,,,,
,S/S  Week 11,,,,,,,,,,,,,,,,,,,,,,,,,,,,,,,,,,,,,,,,,,,,,,,,,,,,,,,
,,,,,,,,,,,,,,,,,,,,,,,,,,,,,,,,,,,,,,,,,,,,,,,,,,,,,,,,2018-05-14
,,,,,,,,,,,,,,,,,Brown 710c,,,,,,,,,,,,,,,,,,,,,,,,,,,,,,,,,,,,,,,
,,,,,,,,,,,,,,,,,,,,,,,,,,,,,,,,,,,,,,,,,,,,,,,,,,,,,,,,
# --------------------------------------------------,,,,,,,,,,,,,,,,,,,,,,,,,,,,,,,,,,,,,,,,,,,,,,,,,,,,,,,,
# --- WEEK 12 DATA START ---,,,,,,,,,,,,,,,,,,,,,,,,,,,,,,,,,,,,,,,,,,,,,,,,,,,,,,,,
# --------------------------------------------------,,,,,,,,,,,,,,,,,,,,,,,,,,,,,,,,,,,,,,,,,,,,,,,,,,,,,,,,
,2026,,,,,,,2026-03-16 0:00:00,,,,,,,,,,,,,,,,,,,,,,,,,,,,,,,,,,,,,,,,,,,,,,,,
Date Log,HK Trials For Week 12,# of colours,Order,Tubes,Plates/Posi,PP #,DIA,,Promise /    Complete,Comments,,,,,,,,,,,,,,,,,,,,,,,,,,,,,,,,,,,,,,,,,,,,,,
,Cuticura Overseas Plates,,,,,,,,,Wait on Plates from Oversees. Cindy busy with these. May be manufactured oversees.,,,,,,,,,,,,,,,,,,,,,,,,,,,,,,,,,,,,,,,,,,,,,,
2026-03-18 0:00:00,Ori Eye Cream,4,x,x,x,21029,22,22x80/4 Coex White,,,,,,,,,,,,,,,,,,,,,,,,,,,,,,,,,,,,,,,,,,,,,,,,
2026-02-27 0:00:00,Simply Florals Vanilla,7,x,x,x,20883,35,35x110/4 LDPE Beige,,,,,,,,,,,,,,,,,,,,,,,,,,,,,,,,,,,,,,,,,,,,,,,,
2026-03-04 0:00:00,Medirite,6,x,x,x,20982,35,35x90/4 Coex White,,,,,,,,,,,,,,,,,,,,,,,,,,,,,,,,,,,,,,,,,,,,,,,,
2026-03-12 0:00:00,Environ MS Gel,3,x,x,x,,35,35x110/2 ABL White,2026-03-14 0:00:00,Retrial  due to registration out,,,,,,,,,,,,,,,,,,,,,,,,,,,,,,,,,,,,,,,,,,,,,,
2026-03-18 0:00:00,Arthrosan Gel,4,,,x,21039,40,40x120/10 Coex White,,,,,,,,,,,,,,,,,,,,,,,,,,,,,,,,,,,,,,,,,,,,,,,,
2026-03-18 0:00:00,Intrigue,2,x,x,x,20969,40,40x105/10 Coex Maroon,,must do this first,,,,,,,,,,,,,,,,,,,,,,,,,,,,,,,,,,,,,,,,,,,,,,
,Ruah,3,x,,,21060,40,40x103/10 Coex White,,,,,,,,,,,,,,,,,,,,,,,,,,,,,,,,,,,,,,,,,,,,,,,,
2026-03-18 0:00:00,Intrigue,2,x,x,x,20970,50,50x160/10 Coex Maroon,,Must run longer tubes,,,,,,,,,,,,,,,,,,,,,,,,,,,,,,,,,,,,,,,,,,,,,,
2026-03-18 0:00:00,Revlon,3,x,x,x,21065,50,,,,,,,,,,,,,,,,,,,,,,,,,,,,,,,,,,,,,,,,,,,,,,,,,
2026-03-04 0:00:00,Caribbean Tinted,4,,x,x,20954,50,50x160/10 Coex Cream,,17/3 on hold Rob To Sort Out colours and layout 23/1/26,,,,,,,,,,,,,,,,,,,,,,,,,,,,,,,,,,,,,,,,,,,,,,
2026-03-04 0:00:00,Caribbean Tinted,4,,x,x,20955,50,50x160/10 Coex Cream,,17/3 on hold Rob To Sort Out colours and layout 23/1/26,,,,,,,,,,,,,,,,,,,,,,,,,,,,,,,,,,,,,,,,,,,,,,
2026-03-04 0:00:00,Caribbean Tinted,4,,x,x,20956,50,50x160/10 Coex Cream,,17/3 on hold Rob To Sort Out colours and layout 23/1/26,,,,,,,,,,,,,,,,,,,,,,,,,,,,,,,,,,,,,,,,,,,,,,
,Dubuit trials For Week 12,,,,,,,,,,,,,,,,,,,,,,,,,,,,,,,,,,,,,,,,,,,,,,,,,,,,,,,
2026-01-29 0:00:00,House of Aloe,,,x,,20865,35,35x120/10 LDPE Brown,,Excisting art with a twistC35TBHOA039F)  Green change to spot Laq.,,,,,,,,,,,,,,,,,,,,,,,,,,,,,,,,,,,,,,,,,,,,,,
2026-03-06 0:00:00,Insect Repellant,5,x,x,x,20920,40,40x120/10 Coex Orange,,Machine break down,,,,,,,,,,,,,,,,,,,,,,,,,,,,,,,,,,,,,,,,,,,,,,
2026-01-29 0:00:00,Presta,4,x,x,x,20875,50,50x180/10Coex Black,,Machine break down,,,,,,,,,,,,,,,,,,,,,,,,,,,,,,,,,,,,,,,,,,,,,,
2026-01-29 0:00:00,Presta,4,x,x,x,20876,50,50x180/10Coex Black,,Machine break down,,,,,,,,,,,,,,,,,,,,,,,,,,,,,,,,,,,,,,,,,,,,,,
2026-01-29 0:00:00,oud,2,,,,19875,50,50x180/10Coex Black,,Retrial Machine break down,,,,,,,,,,,,,,,,,,,,,,,,,,,,,,,,,,,,,,,,,,,,,,
2026-01-29 0:00:00,oud,2,,,,19876,50,50x180/10Coex Black,,Retrial Machine break down,,,,,,,,,,,,,,,,,,,,,,,,,,,,,,,,,,,,,,,,,,,,,,
2026-01-26 0:00:00,Young Solution,3,,,,20375,50,50x130/10 COEX Red,,No Signed artwork yet 17/11/25 still nothing. Machine break down,,,,,,,,,,,,,,,,,,,,,,,,,,,,,,,,,,,,,,,,,,,,,,
,Woolworths Kids Body Lotion 250ml,,,,,20908,,50x180/10 Coex Green,,27 march???????????,,,,,,,,,,,,,,,,,,,,,,,,,,,,,,,,,,,,,,,,,,,,,,
,Laminate Print Trial/Cindi Week  12,,,,,,,,,,,,,,,,,,,,,,,,,,,,,,,,,,,,,,,,,,,,,,,,,,,,,,,
,Laminate  Assebly Week 12,,,,,,,,,,,,,,,,,,,,,,,,,,,,,,,,,,,,,,,,,,,,,,,,,,,,,,,
,Foil Week 12,,,,,,,,,,,,,,,,,,,,,,,,,,,,,,,,,,,,,,,,,,,,,,,,,,,,,,,
2026-03-16 0:00:00,Environ MS Gel,3,,,,,35,35x110/2 ABL White,,,,,,,,,,,,,,,,,,,,,,,,,,,,,,,,,,,,,,,,,,,,,,,,
,Offset  Trail Week 11,,,,,,,,,,,,,,,,,,,,,,,,,,,,,,,,,,,,,,,,,,,,,,,,,,,,,,,
,S/S  Week 11,,,,,,,,,,,,,,,,,,,,,,,,,,,,,,,,,,,,,,,,,,,,,,,,,,,,,,,
,,,,,,,,,,,,,,,,,,,,,,,,,,,,,,,,,,,,,,,,,,,,,,,,,,,,,,,,2018-05-14
,,,,,,,,,,,,,,,,,Brown 710c,,,,,,,,,,,,,,,,,,,,,,,,,,,,,,,,,,,,,,,
,,,,,,,,,,,,,,,,,,,,,,,,,,,,,,,,,,,,,,,,,,,,,,,,,,,,,,,,
# --------------------------------------------------,,,,,,,,,,,,,,,,,,,,,,,,,,,,,,,,,,,,,,,,,,,,,,,,,,,,,,,,
# --- WEEK 13 DATA START ---,,,,,,,,,,,,,,,,,,,,,,,,,,,,,,,,,,,,,,,,,,,,,,,,,,,,,,,,
# --------------------------------------------------,,,,,,,,,,,,,,,,,,,,,,,,,,,,,,,,,,,,,,,,,,,,,,,,,,,,,,,,
,2026,,,,,,,2026-03-23 0:00:00,,,,,,,,,,,,,,,,,,,,,,,,,,,,,,,,,,,,,,,,,,,,,,,,
Date Log,HK Trials For Week 13,# of colours,Order,Tubes,Plates/Posi,PP #,DIA,,Promise /    Complete,Comments,,,,,,,,,,,,,,,,,,,,,,,,,,,,,,,,,,,,,,,,,,,,,,
2026-03-18 0:00:00,Ori Eye Cream,4,x,x,x,21029,22,22x80/4 Coex White,2026-03-22 0:00:00,,,,,,,,,,,,,,,,,,,,,,,,,,,,,,,,,,,,,,,,,,,,,,,
,Shezen,2,,,,21066,30,30x95/4 Coex Prl White,,,,,,,,,,,,,,,,,,,,,,,,,,,,,,,,,,,,,,,,,,,,,,,,
2026-02-27 0:00:00,Simply Florals Vanilla,7,x,x,x,20883,35,35x110/4 LDPE Beige,2026-03-22 0:00:00,,,,,,,,,,,,,,,,,,,,,,,,,,,,,,,,,,,,,,,,,,,,,,,
2026-03-04 0:00:00,Medirite,6,x,x,x,20982,35,35x90/4 Coex White,2026-03-26 0:00:00,,,,,,,,,,,,,,,,,,,,,,,,,,,,,,,,,,,,,,,,,,,,,,,
2026-03-18 0:00:00,Arthrosan Gel,4,,,x,21039,40,40x120/10 Coex White,2026-03-28 0:00:00,,,,,,,,,,,,,,,,,,,,,,,,,,,,,,,,,,,,,,,,,,,,,,,
2026-03-18 0:00:00,Intrigue,2,x,x,x,20969,40,40x105/10 Coex Maroon,2026-03-28 0:00:00,23/3/26 Customer change tube colour again to match carton,,,,,,,,,,,,,,,,,,,,,,,,,,,,,,,,,,,,,,,,,,,,,,
2026-03-20 0:00:00,Ruah,3,x,,,21060,40,40x103/10 Coex White,2026-03-23 0:00:00,,,,,,,,,,,,,,,,,,,,,,,,,,,,,,,,,,,,,,,,,,,,,,,
2026-03-18 0:00:00,Intrigue,2,x,x,x,20970,50,50x160/10 Coex Maroon,2026-03-28 0:00:00,23/3/26 Customer change tube colour again to match carton,,,,,,,,,,,,,,,,,,,,,,,,,,,,,,,,,,,,,,,,,,,,,,
2026-03-18 0:00:00,Revlon,3,x,x,x,21065,50,50x130/10 Coex + LDPE,2026-03-20 0:00:00,,,,,,,,,,,,,,,,,,,,,,,,,,,,,,,,,,,,,,,,,,,,,,,
2026-03-04 0:00:00,Caribbean Tinted,4,,x,x,20954,50,50x160/10 Coex Cream,,17/3 on hold Rob To Sort Out colours and layout 23/1/26,,,,,,,,,,,,,,,,,,,,,,,,,,,,,,,,,,,,,,,,,,,,,,
2026-03-04 0:00:00,Caribbean Tinted,4,,x,x,20955,50,50x160/10 Coex Cream,,17/3 on hold Rob To Sort Out colours and layout 23/1/26,,,,,,,,,,,,,,,,,,,,,,,,,,,,,,,,,,,,,,,,,,,,,,
2026-03-04 0:00:00,Caribbean Tinted,4,,x,x,20956,50,50x160/10 Coex Cream,,17/3 on hold Rob To Sort Out colours and layout 23/1/26,,,,,,,,,,,,,,,,,,,,,,,,,,,,,,,,,,,,,,,,,,,,,,
,Cuticura Overseas Plates,,,,,,,,,Wait on Plates from Oversees. Cindy busy with these. May be manufactured oversees.,,,,,,,,,,,,,,,,,,,,,,,,,,,,,,,,,,,,,,,,,,,,,,
,Dubuit trials For Week 13,,,,,,,,,,,,,,,,,,,,,,,,,,,,,,,,,,,,,,,,,,,,,,,,,,,,,,,
,Rain,2,,,,20789,35,35x160/4 Coex Yellow,,,,,,,,,,,,,,,,,,,,,,,,,,,,,,,,,,,,,,,,,,,,,,,,
,DermOpal,2,,,,21037,35,35x145/10 coex Orange,,,,,,,,,,,,,,,,,,,,,,,,,,,,,,,,,,,,,,,,,,,,,,,,
2026-01-29 0:00:00,House of Aloe,,,x,,20865,35,35x120/10 LDPE Brown,,Excisting art with a twistC35TBHOA039F)  Green change to spot Laq.,,,,,,,,,,,,,,,,,,,,,,,,,,,,,,,,,,,,,,,,,,,,,,
,Demopal,2,,,,21038,40,40x120/10 Coex Orange,,,,,,,,,,,,,,,,,,,,,,,,,,,,,,,,,,,,,,,,,,,,,,,,
2026-03-06 0:00:00,Insect Repellant,5,x,x,x,20920,40,40x120/10 Coex Orange,,Machine break down,,,,,,,,,,,,,,,,,,,,,,,,,,,,,,,,,,,,,,,,,,,,,,
2026-01-29 0:00:00,Presta,4,x,x,x,20875,50,50x180/10Coex Black,2026-03-28 0:00:00,Machine break down,,,,,,,,,,,,,,,,,,,,,,,,,,,,,,,,,,,,,,,,,,,,,,
2026-01-29 0:00:00,Presta,4,x,x,x,20876,50,50x180/10Coex Black,2026-03-28 0:00:00,Machine break down,,,,,,,,,,,,,,,,,,,,,,,,,,,,,,,,,,,,,,,,,,,,,,
2026-01-29 0:00:00,oud,2,,,,19875,50,50x180/10Coex Black,2026-03-28 0:00:00,Retrial Machine break down,,,,,,,,,,,,,,,,,,,,,,,,,,,,,,,,,,,,,,,,,,,,,,
2026-01-29 0:00:00,oud,2,,,,19876,50,50x180/10Coex Black,2026-03-28 0:00:00,Retrial Machine break down,,,,,,,,,,,,,,,,,,,,,,,,,,,,,,,,,,,,,,,,,,,,,,
2026-01-26 0:00:00,Young Solution,3,,,,20375,50,50x130/10 COEX Red,2026-03-28 0:00:00,No Signed artwork yet 17/11/25 still nothing. Machine break down,,,,,,,,,,,,,,,,,,,,,,,,,,,,,,,,,,,,,,,,,,,,,,
,Woolworths Kids Body Lotion 250ml,,,,,20908,,50x180/10 Coex Green,,27 march???????????,,,,,,,,,,,,,,,,,,,,,,,,,,,,,,,,,,,,,,,,,,,,,,
,Laminate Print Trial/Cindi Week  13,,,,,,,,,,,,,,,,,,,,,,,,,,,,,,,,,,,,,,,,,,,,,,,,,,,,,,,
,Laminate  Assebly Week 13,,,,,,,,,,,,,,,,,,,,,,,,,,,,,,,,,,,,,,,,,,,,,,,,,,,,,,,
,Foil Week 13,,,,,,,,,,,,,,,,,,,,,,,,,,,,,,,,,,,,,,,,,,,,,,,,,,,,,,,
2026-03-18 0:00:00,Intrigue,2,x,x,x,20970,50,50x160/10 Coex Maroon,2026-03-23 0:00:00,,,,,,,,,,,,,,,,,,,,,,,,,,,,,,,,,,,,,,,,,,,,,,,
2026-03-18 0:00:00,Intrigue,2,x,x,x,20969,40,40x105/10 Coex Maroon,2026-03-21 0:00:00,,,,,,,,,,,,,,,,,,,,,,,,,,,,,,,,,,,,,,,,,,,,,,,
,Offset  Trail Week 13,,,,,,,,,,,,,,,,,,,,,,,,,,,,,,,,,,,,,,,,,,,,,,,,,,,,,,,
,S/S  Week 11,,,,,,,,,,,,,,,,,,,,,,,,,,,,,,,,,,,,,,,,,,,,,,,,,,,,,,,
,,,,,,,,,,,,,,,,,,,,,,,,,,,,,,,,,,,,,,,,,,,,,,,,,,,,,,,,2018-05-14
,,,,,,,,,,,,,,,,,Brown 710c,,,,,,,,,,,,,,,,,,,,,,,,,,,,,,,,,,,,,,,
,,,,,,,,,,,,,,,,,,,,,,,,,,,,,,,,,,,,,,,,,,,,,,,,,,,,,,,,
# --------------------------------------------------,,,,,,,,,,,,,,,,,,,,,,,,,,,,,,,,,,,,,,,,,,,,,,,,,,,,,,,,
# --- WEEK 14 DATA START ---,,,,,,,,,,,,,,,,,,,,,,,,,,,,,,,,,,,,,,,,,,,,,,,,,,,,,,,,
# --------------------------------------------------,,,,,,,,,,,,,,,,,,,,,,,,,,,,,,,,,,,,,,,,,,,,,,,,,,,,,,,,
,2026,,,,,,,2026-03-30 0:00:00,,,,,,,,,,,,,,,,,,,,,,,,,,,,,,,,,,,,,,,,,,,,,,,,
Date Log,HK Trials For Week 14,# of colours,Order,Tubes,Plates/Posi,PP #,DIA,,Promise /    Complete,Comments,,,,,,,,,,,,,,,,,,,,,,,,,,,,,,,,,,,,,,,,,,,,,,
2026-03-26 0:00:00,Shezen,2,,,,21066,30,30x95/4 Coex Prl White,Week 15,,,,,,,,,,,,,,,,,,,,,,,,,,,,,,,,,,,,,,,,,,,,,,,
2026-02-27 0:00:00,Simply Florals Vanilla,7,x,x,x,20883,35,35x110/4 LDPE Beige,2026-04-02 0:00:00,26/3 new plates required.,,,,,,,,,,,,,,,,,,,,,,,,,,,,,,,,,,,,,,,,,,,,,,
2026-03-04 0:00:00,Caribbean Tinted,4,,x,x,20954,50,50x160/10 Coex Cream,Rob?,17/3 on hold Rob To Sort Out colours and layout 23/1/26,,,,,,,,,,,,,,,,,,,,,,,,,,,,,,,,,,,,,,,,,,,,,,
2026-03-04 0:00:00,Caribbean Tinted,4,,x,x,20955,50,50x160/10 Coex Cream,Rob?,17/3 on hold Rob To Sort Out colours and layout 23/1/26,,,,,,,,,,,,,,,,,,,,,,,,,,,,,,,,,,,,,,,,,,,,,,
2026-03-04 0:00:00,Caribbean Tinted,4,,x,x,20956,50,50x160/10 Coex Cream,Rob?,17/3 on hold Rob To Sort Out colours and layout 23/1/26,,,,,,,,,,,,,,,,,,,,,,,,,,,,,,,,,,,,,,,,,,,,,,
,Revlon,3,,,,21118,50,50x130/10 Coex White,,These trials will use 1st set of plates to set colouir standards.,,,,,,,,,,,,,,,,,,,,,,,,,,,,,,,,,,,,,,,,,,,,,,
,Revlon,3,,,,21119,50,50x130/10 Coex White,,These trials will use 1st set of plates to set colouir standards.,,,,,,,,,,,,,,,,,,,,,,,,,,,,,,,,,,,,,,,,,,,,,,
,Revlon,3,,,,21120,50,50x130/10 Coex White,,These trials will use 1st set of plates to set colouir standards.,,,,,,,,,,,,,,,,,,,,,,,,,,,,,,,,,,,,,,,,,,,,,,
,Cuticura Overseas Plates,,,,,,,,,Wait on Plates from Oversees. Cindy busy with these. May be manufactured oversees.,,,,,,,,,,,,,,,,,,,,,,,,,,,,,,,,,,,,,,,,,,,,,,
,Dubuit trials For Week 14,,,,,,,,,,,,,,,,,,,,,,,,,,,,,,,,,,,,,,,,,,,,,,,,,,,,,,,
2026-03-26 0:00:00,Rain,2,,,,20789,35,35x160/4 Coex Yellow,2026-04-02 0:00:00,,,,,,,,,,,,,,,,,,,,,,,,,,,,,,,,,,,,,,,,,,,,,,,
2026-03-26 0:00:00,DermOpal,2,,,x,21037,35,35x145/10 coex Orange,2026-04-02 0:00:00,,,,,,,,,,,,,,,,,,,,,,,,,,,,,,,,,,,,,,,,,,,,,,,
2026-01-29 0:00:00,House of Aloe,,,x,x,20865,35,35x120/10 LDPE Brown,2026-04-02 0:00:00,Excisting art with a twistC35TBHOA039F)  Green change to spot Laq.,,,,,,,,,,,,,,,,,,,,,,,,,,,,,,,,,,,,,,,,,,,,,,
2026-03-26 0:00:00,Demopal,2,,,x,21038,40,40x120/10 Coex Orange,week 14,30 march 2026 wait on approval of 35 outside supplier M/B.,,,,,,,,,,,,,,,,,,,,,,,,,,,,,,,,,,,,,,,,,,,,,,
2026-03-06 0:00:00,Insect Repellant,5,x,x,x,20920,40,40x120/10 Coex Orange,2026-04-02 0:00:00,Machine break down,,,,,,,,,,,,,,,,,,,,,,,,,,,,,,,,,,,,,,,,,,,,,,
,Woolworths Kids Body Lotion 250ml,,,,,20908,50,50x180/10 Coex Green,End week 15,27 march???????????,,,,,,,,,,,,,,,,,,,,,,,,,,,,,,,,,,,,,,,,,,,,,,
,Laminate Print Trial/Cindi Week  14,,,,,,,,,,,,,,,,,,,,,,,,,,,,,,,,,,,,,,,,,,,,,,,,,,,,,,,
,Laminate  Assebly Week 14,,,,,,,,,,,,,,,,,,,,,,,,,,,,,,,,,,,,,,,,,,,,,,,,,,,,,,,
,Foil Week 14,,,,,,,,,,,,,,,,,,,,,,,,,,,,,,,,,,,,,,,,,,,,,,,,,,,,,,,
2027-03-30 0:00:00,Intrigue,2,x,x,x,20970,50,50x160/10 Coex Maroon,2027-03-31 0:00:00,,,,,,,,,,,,,,,,,,,,,,,,,,,,,,,,,,,,,,,,,,,,,,,
2027-03-30 0:00:00,Intrigue,2,x,x,x,20969,40,40x105/10 Coex Maroon,2027-03-31 0:00:00,,,,,,,,,,,,,,,,,,,,,,,,,,,,,,,,,,,,,,,,,,,,,,,
2026-03-06 0:00:00,Insect Repellant,5,x,x,x,20920,40,40x120/10 Coex Orange,2026-04-07 0:00:00,,,,,,,,,,,,,,,,,,,,,,,,,,,,,,,,,,,,,,,,,,,,,,,
,Offset  Trail Week 14,,,,,,,,,,,,,,,,,,,,,,,,,,,,,,,,,,,,,,,,,,,,,,,,,,,,,,,
,S/S  Week 14,,,,,,,,,,,,,,,,,,,,,,,,,,,,,,,,,,,,,,,,,,,,,,,,,,,,,,,
,,,,,,,,,,,,,,,,,,,,,,,,,,,,,,,,,,,,,,,,,,,,,,,,,,,,,,,,2018-05-14
,,,,,,,,,,,,,,,,,Brown 710c,,,,,,,,,,,,,,,,,,,,,,,,,,,,,,,,,,,,,,,
,,,,,,,,,,,,,,,,,,,,,,,,,,,,,,,,,,,,,,,,,,,,,,,,,,,,,,,,
# --------------------------------------------------,,,,,,,,,,,,,,,,,,,,,,,,,,,,,,,,,,,,,,,,,,,,,,,,,,,,,,,,
# --- WEEK 15 DATA START ---,,,,,,,,,,,,,,,,,,,,,,,,,,,,,,,,,,,,,,,,,,,,,,,,,,,,,,,,
# --------------------------------------------------,,,,,,,,,,,,,,,,,,,,,,,,,,,,,,,,,,,,,,,,,,,,,,,,,,,,,,,,
,2026,,,,,,,2026-04-07 0:00:00,,,,,,,,,,,,,,,,,,,,,,,,,,,,,,,,,,,,,,,,,,,,,,,,
Date Log,HK Trials For Week 15,# of colours,Order,Tubes,Plates/Posi,PP #,DIA,,Promise /    Complete,Comments,,,,,,,,,,,,,,,,,,,,,,,,,,,,,,,,,,,,,,,,,,,,,,
2026-03-26 0:00:00,Shezen,2,,,,21066,30,30x95/4 Coex Prl White,Week 15,8/4 wait on ink  will receive stock 20/4,,,,,,,,,,,,,,,,,,,,,,,,,,,,,,,,,,,,,,,,,,,,,,
2026-04-09 0:00:00,Arthrosan Gel,4,,,x,21039,40,40x120/10 Coex White,2026-04-11 0:00:00,8/4 Test plates Retrial Swirls,,,,,,,,,,,,,,,,,,,,,,,,,,,,,,,,,,,,,,,,,,,,,,
2026-03-04 0:00:00,Caribbean Tan Shimmer,4,,x,x,20954,50,50x160/10 Coex Cream,2026-04-11 0:00:00,17/3 on hold Rob To Sort Out colours and layout 23/1/26,,,,,,,,,,,,,,,,,,,,,,,,,,,,,,,,,,,,,,,,,,,,,,
2026-03-04 0:00:00,Caribbean Tinted,4,,x,x,20955,50,50x160/10 Coex Cream,Rob?,17/3 on hold Rob To Sort Out colours and layout 23/1/26,,,,,,,,,,,,,,,,,,,,,,,,,,,,,,,,,,,,,,,,,,,,,,
2026-03-04 0:00:00,Caribbean Tinted,4,,x,x,20956,50,50x160/10 Coex Cream,Rob?,17/3 on hold Rob To Sort Out colours and layout 23/1/26,,,,,,,,,,,,,,,,,,,,,,,,,,,,,,,,,,,,,,,,,,,,,,
Colour trial,Revlon - Blue,3,,,,21118,50,50x130/10 Coex White,2026-04-07 0:00:00,These trials will use 1st set of plates to set colouir standards.,,,,,,,,,,,,,,,,,,,,,,,,,,,,,,,,,,,,,,,,,,,,,,
Colour trial,Revlon - Pink,3,,,,21119,50,50x130/10 Coex White,,These trials will use 1st set of plates to set colouir standards.,,,,,,,,,,,,,,,,,,,,,,,,,,,,,,,,,,,,,,,,,,,,,,
Colour trial,Revlon - Green,3,,,,21120,50,50x130/10 Coex White,,These trials will use 1st set of plates to set colouir standards.,,,,,,,,,,,,,,,,,,,,,,,,,,,,,,,,,,,,,,,,,,,,,,
Colour trial,Revlon - Turquiose,3,,,,21120,50,50x130/10 Coex White,,These trials will use 1st set of plates to set colouir standards.,,,,,,,,,,,,,,,,,,,,,,,,,,,,,,,,,,,,,,,,,,,,,,
,Cuticura Overseas Plates,,,,,,,,,Wait on Plates from Oversees. Cindy busy with these. May be manufactured oversees.,,,,,,,,,,,,,,,,,,,,,,,,,,,,,,,,,,,,,,,,,,,,,,
,Dubuit trials For Week 14,,,,,,,,,,,,,,,,,,,,,,,,,,,,,,,,,,,,,,,,,,,,,,,,,,,,,,,
2026-01-29 0:00:00,House of Aloe,4,,x,x,20865,35,35x120/10 LDPE Brown,2026-04-13 0:00:00,Excisting art with a twistC35TBHOA039F)  Green change to spot Laq.,,,,,,,,,,,,,,,,,,,,,,,,,,,,,,,,,,,,,,,,,,,,,,
2026-03-26 0:00:00,DermOpal,2,,,x,21037,35,35x145/10 coex Orange,2026-04-13 0:00:00,,,,,,,,,,,,,,,,,,,,,,,,,,,,,,,,,,,,,,,,,,,,,,,
2026-03-26 0:00:00,Demopal,2,,,x,21038,40,40x120/10 Coex Orange,Week 16,30 march 2026 wait on approval of 35 outside supplier M/B.,,,,,,,,,,,,,,,,,,,,,,,,,,,,,,,,,,,,,,,,,,,,,,
2026-04-08 0:00:00,Woolworths Kids Body Lotion 250ml,4,x,,x,20908,50,50x180/10 Coex Blue,2026-04-14 0:00:00,27 march???????????,,,,,,,,,,,,,,,,,,,,,,,,,,,,,,,,,,,,,,,,,,,,,,
,Wintergreen,4,x,x,x,20932,,50x180/10 Coex Green,,,,,,,,,,,,,,,,,,,,,,,,,,,,,,,,,,,,,,,,,,,,,,,,
,Laminate Print Trial/Cindi Week  14,,,,,,,,,,,,,,,,,,,,,,,,,,,,,,,,,,,,,,,,,,,,,,,,,,,,,,,
2026-04-09 0:00:00,The Perfume Garden,,,,,20761,35,35x120/10 ABL Silver,2026-04-09 0:00:00,,,,,,,,,,,,,,,,,,,,,,,,,,,,,,,,,,,,,,,,,,,,,,,
2026-04-10 0:00:00,The Perfume Garden,,,,,20927,35,35x120/10 ABL Silver,2026-04-10 0:00:00,,,,,,,,,,,,,,,,,,,,,,,,,,,,,,,,,,,,,,,,,,,,,,,
2026-04-11 0:00:00,The Perfume Garden,,,,,20931,35,35x120/10 ABL Silver,2026-04-11 0:00:00,,,,,,,,,,,,,,,,,,,,,,,,,,,,,,,,,,,,,,,,,,,,,,,
,Laminate  Assebly Week 14,,,,,,,,,,,,,,,,,,,,,,,,,,,,,,,,,,,,,,,,,,,,,,,,,,,,,,,
2026-04-09 0:00:00,The Perfume Garden,,,,,20761,35,35x120/10 ABL Silver,,,,,,,,,,,,,,,,,,,,,,,,,,,,,,,,,,,,,,,,,,,,,,,,
2026-04-10 0:00:00,The Perfume Garden,,,,,20927,35,35x120/10 ABL Silver,,,,,,,,,,,,,,,,,,,,,,,,,,,,,,,,,,,,,,,,,,,,,,,,
2026-04-11 0:00:00,The Perfume Garden,,,,,20931,35,35x120/10 ABL Silver,,,,,,,,,,,,,,,,,,,,,,,,,,,,,,,,,,,,,,,,,,,,,,,,
,Foil Week 14,,,,,,,,,,,,,,,,,,,,,,,,,,,,,,,,,,,,,,,,,,,,,,,,,,,,,,,
,The Perfume Garden,,,,,20761,35,35x120/10 ABL Silver,,,,,,,,,,,,,,,,,,,,,,,,,,,,,,,,,,,,,,,,,,,,,,,,
,The Perfume Garden,,,,,20927,35,35x120/10 ABL Silver,,,,,,,,,,,,,,,,,,,,,,,,,,,,,,,,,,,,,,,,,,,,,,,,
,The Perfume Garden,,,,,20931,35,35x120/10 ABL Silver,,,,,,,,,,,,,,,,,,,,,,,,,,,,,,,,,,,,,,,,,,,,,,,,
,Offset  Trail Week 14,,,,,,,,,,,,,,,,,,,,,,,,,,,,,,,,,,,,,,,,,,,,,,,,,,,,,,,
,S/S  Week 14,,,,,,,,,,,,,,,,,,,,,,,,,,,,,,,,,,,,,,,,,,,,,,,,,,,,,,,
,,,,,,,,,,,,,,,,,,,,,,,,,,,,,,,,,,,,,,,,,,,,,,,,,,,,,,,,2018-05-14
,,,,,,,,,,,,,,,,,Brown 710c,,,,,,,,,,,,,,,,,,,,,,,,,,,,,,,,,,,,,,,
,,,,,,,,,,,,,,,,,,,,,,,,,,,,,,,,,,,,,,,,,,,,,,,,,,,,,,,,
# --------------------------------------------------,,,,,,,,,,,,,,,,,,,,,,,,,,,,,,,,,,,,,,,,,,,,,,,,,,,,,,,,
# --- WEEK 16 DATA START ---,,,,,,,,,,,,,,,,,,,,,,,,,,,,,,,,,,,,,,,,,,,,,,,,,,,,,,,,
# --------------------------------------------------,,,,,,,,,,,,,,,,,,,,,,,,,,,,,,,,,,,,,,,,,,,,,,,,,,,,,,,,
,2026,,,,,,,2026-04-13 0:00:00,,,,,,,,,,,,,,,,,,,,,,,,,,,,,,,,,,,,,,,,,,,,,,,,
Date Log,HK Trials For Week 16,# of colours,Order,Tubes,Plates/Posi,PP #,DIA,,Promise /    Complete,Comments,,,,,,,,,,,,,,,,,,,,,,,,,,,,,,,,,,,,,,,,,,,,,,
2026-03-26 0:00:00,Shezen,2,,,,21066,30,30x95/4 Coex Prl White,Week 15,8/4 wait on ink  will receive stock 20/4,,,,,,,,,,,,,,,,,,,,,,,,,,,,,,,,,,,,,,,,,,,,,,
2026-04-09 0:00:00,Arthrosan Gel,4,,,x,21039,40,40x120/10 Coex White,2026-04-15 0:00:00,8/4 Test plates Retrial Swirls13/4 still not happy with trial.,,,,,,,,,,,,,,,,,,,,,,,,,,,,,,,,,,,,,,,,,,,,,,
2026-03-04 0:00:00,Caribbean Tan Shimmer,4,,x,x,20954,50,50x160/10 Coex Cream,2026-04-11 0:00:00,17/3 on hold Rob To Sort Out colours and layout 23/1/26 15/4 may go to Dubuit,,,,,,,,,,,,,,,,,,,,,,,,,,,,,,,,,,,,,,,,,,,,,,
2026-03-04 0:00:00,Caribbean Tinted,4,,x,x,20955,50,50x160/10 Coex Cream,Rob?,17/3 on hold Rob To Sort Out colours and layout 23/1/26 15/4 may go to Dubuit,,,,,,,,,,,,,,,,,,,,,,,,,,,,,,,,,,,,,,,,,,,,,,
2026-03-04 0:00:00,Caribbean Tinted,4,,x,x,20956,50,50x160/10 Coex Cream,Rob?,17/3 on hold Rob To Sort Out colours and layout 23/1/26 15/4 may go to Dubuit,,,,,,,,,,,,,,,,,,,,,,,,,,,,,,,,,,,,,,,,,,,,,,
2026-04-16 0:00:00,Environ,2,x,x,,21102,25,25x96/2 Abl White,2026-04-18 0:00:00,,,,,,,,,,,,,,,,,,,,,,,,,,,,,,,,,,,,,,,,,,,,,,,
2026-04-16 0:00:00,Environ,2,,,,21103,50,50x160/10 Coex White,2026-04-18 0:00:00,,,,,,,,,,,,,,,,,,,,,,,,,,,,,,,,,,,,,,,,,,,,,,,
2026-04-16 0:00:00,Prosana,3,,,,21105,40,40x120/10 LDPE White,2026-04-18 0:00:00,,,,,,,,,,,,,,,,,,,,,,,,,,,,,,,,,,,,,,,,,,,,,,,
2026-04-16 0:00:00,Prosana,4,,,,21104,40,40x120/10 LDPE White,2026-04-18 0:00:00,,,,,,,,,,,,,,,,,,,,,,,,,,,,,,,,,,,,,,,,,,,,,,,
Colour trial,Revlon - Pink,3,,,,21119,50,50x130/10 Coex White,2026-04-14 0:00:00,These trials will use 1st set of plates to set colouir standards.,,,,,,,,,,,,,,,,,,,,,,,,,,,,,,,,,,,,,,,,,,,,,,
Colour trial,Revlon - Green,3,,,,21120,50,50x130/10 Coex White,2026-04-14 0:00:00,These trials will use 1st set of plates to set colouir standards.,,,,,,,,,,,,,,,,,,,,,,,,,,,,,,,,,,,,,,,,,,,,,,
Colour trial,Revlon - Turquiose,3,,,,21120,50,50x130/10 Coex White,2026-04-14 0:00:00,These trials will use 1st set of plates to set colouir standards.,,,,,,,,,,,,,,,,,,,,,,,,,,,,,,,,,,,,,,,,,,,,,,
,Cuticura Overseas Plates,,,,,,,,,Wait on Plates from Oversees. Cindy busy with these. May be manufactured oversees.,,,,,,,,,,,,,,,,,,,,,,,,,,,,,,,,,,,,,,,,,,,,,,
,Dubuit trials For Week 16,,,,,,,,,,,,,,,,,,,,,,,,,,,,,,,,,,,,,,,,,,,,,,,,,,,,,,,
2026-01-29 0:00:00,House of Aloe,4,,x,x,20865,35,35x120/10 LDPE Brown,2026-04-13 0:00:00,Excisting art with a twistC35TBHOA039F)  Green change to spot Laq.,,,,,,,,,,,,,,,,,,,,,,,,,,,,,,,,,,,,,,,,,,,,,,
2026-03-26 0:00:00,DermOpal,2,x,x,x,21037,35,35x145/10 coex Orange,2026-04-14 0:00:00,,,,,,,,,,,,,,,,,,,,,,,,,,,,,,,,,,,,,,,,,,,,,,,
2026-03-26 0:00:00,Dermopal,2,x,?,x,21038,40,40x120/10 Coex Orange,Week 16,30 march 2026 wait on approval of 35 outside supplier M/B.,,,,,,,,,,,,,,,,,,,,,,,,,,,,,,,,,,,,,,,,,,,,,,
2026-04-08 0:00:00,Woolworths Kids Body Lotion 250ml,4,x,x,x,20908,50,50x180/10 Coex Blue,2026-04-15 0:00:00,27 march???????????,,,,,,,,,,,,,,,,,,,,,,,,,,,,,,,,,,,,,,,,,,,,,,
2026-04-15 0:00:00,Wintergreen,4,x,x,x,20932,50,50x180/10 Coex Green,2026-04-15 0:00:00,,,,,,,,,,,,,,,,,,,,,,,,,,,,,,,,,,,,,,,,,,,,,,,
,Laminate Print Trial/Cindi Week  16,,,,,,,,,,,,,,,,,,,,,,,,,,,,,,,,,,,,,,,,,,,,,,,,,,,,,,,
2026-04-09 0:00:00,The Perfume Garden,,,,,20761,35,35x120/10 ABL Silver,2026-04-09 0:00:00,,,,,,,,,,,,,,,,,,,,,,,,,,,,,,,,,,,,,,,,,,,,,,,
2026-04-10 0:00:00,The Perfume Garden,,,,,20927,35,35x120/10 ABL Silver,2026-04-09 0:00:00,,,,,,,,,,,,,,,,,,,,,,,,,,,,,,,,,,,,,,,,,,,,,,,
2026-04-11 0:00:00,The Perfume Garden,,,,,20931,35,35x120/10 ABL Silver,2026-04-09 0:00:00,,,,,,,,,,,,,,,,,,,,,,,,,,,,,,,,,,,,,,,,,,,,,,,
,Laminate  Assebly Week 16,,,,,,,,,,,,,,,,,,,,,,,,,,,,,,,,,,,,,,,,,,,,,,,,,,,,,,,
2026-04-09 0:00:00,The Perfume Garden,,,,,20761,35,35x120/10 ABL Silver,2026-04-15 0:00:00,,,,,,,,,,,,,,,,,,,,,,,,,,,,,,,,,,,,,,,,,,,,,,,
2026-04-09 0:00:00,The Perfume Garden,,,,,20927,35,35x120/10 ABL Silver,2026-04-15 0:00:00,,,,,,,,,,,,,,,,,,,,,,,,,,,,,,,,,,,,,,,,,,,,,,,
2026-04-09 0:00:00,The Perfume Garden,,,,,20931,35,35x120/10 ABL Silver,2026-04-15 0:00:00,,,,,,,,,,,,,,,,,,,,,,,,,,,,,,,,,,,,,,,,,,,,,,,
,Foil Week 16,,,,,,,,,,,,,,,,,,,,,,,,,,,,,,,,,,,,,,,,,,,,,,,,,,,,,,,
2026-04-15 0:00:00,The Perfume Garden,,,,,20761,35,35x120/10 ABL Silver,2026-04-16 0:00:00,,,,,,,,,,,,,,,,,,,,,,,,,,,,,,,,,,,,,,,,,,,,,,,
2026-04-15 0:00:00,The Perfume Garden,,,,,20927,35,35x120/10 ABL Silver,2026-04-16 0:00:00,,,,,,,,,,,,,,,,,,,,,,,,,,,,,,,,,,,,,,,,,,,,,,,
2026-04-15 0:00:00,The Perfume Garden,,,,,20931,35,35x120/10 ABL Silver,2026-04-16 0:00:00,,,,,,,,,,,,,,,,,,,,,,,,,,,,,,,,,,,,,,,,,,,,,,,
,Offset  Trail Week 16,,,,,,,,,,,,,,,,,,,,,,,,,,,,,,,,,,,,,,,,,,,,,,,,,,,,,,,
,S/S  Week 14,,,,,,,,,,,,,,,,,,,,,,,,,,,,,,,,,,,,,,,,,,,,,,,,,,,,,,,
,,,,,,,,,,,,,,,,,,,,,,,,,,,,,,,,,,,,,,,,,,,,,,,,,,,,,,,,2018-05-14
,,,,,,,,,,,,,,,,,Brown 710c,,,,,,,,,,,,,,,,,,,,,,,,,,,,,,,,,,,,,,,
,,,,,,,,,,,,,,,,,,,,,,,,,,,,,,,,,,,,,,,,,,,,,,,,,,,,,,,,
# --------------------------------------------------,,,,,,,,,,,,,,,,,,,,,,,,,,,,,,,,,,,,,,,,,,,,,,,,,,,,,,,,
# --- WEEK 17 DATA START ---,,,,,,,,,,,,,,,,,,,,,,,,,,,,,,,,,,,,,,,,,,,,,,,,,,,,,,,,
# --------------------------------------------------,,,,,,,,,,,,,,,,,,,,,,,,,,,,,,,,,,,,,,,,,,,,,,,,,,,,,,,,
,2026,,,,,,,2026-04-20 0:00:00,,,,,,,,,,,,,,,,,,,,,,,,,,,,,,,,,,,,,,,,,,,,,,,,
Date Log,HK Trials For Week 17,# of colours,Order,Tubes,Plates/Posi,PP #,DIA,,Promise /    Complete,Comments,,,,,,,,,,,,,,,,,,,,,,,,,,,,,,,,,,,,,,,,,,,,,,
,Scar Science 15ml,,,x,,20849,,22x75/4 COEX White,,,,,,,,,,,,,,,,,,,,,,,,,,,,,,,,,,,,,,,,,,,,,,,,
,Scar Science 50ml,,,?,,20848,,35x100/6 Coex White,,,,,,,,,,,,,,,,,,,,,,,,,,,,,,,,,,,,,,,,,,,,,,,,
2026-03-26 0:00:00,Shezen,2,,x,,21066,30,30x95/4 Coex Prl White,Week 15,8/4 wait on ink  will receive stock 20/4,,,,,,,,,,,,,,,,,,,,,,,,,,,,,,,,,,,,,,,,,,,,,,
,Arnica,5,,,,21085,35,35x85/10 Coex White,,,,,,,,,,,,,,,,,,,,,,,,,,,,,,,,,,,,,,,,,,,,,,,,
2026-04-16 0:00:00,Prosana,3,,,,21105,40,40x120/10 LDPE White,2026-04-18 0:00:00,,,,,,,,,,,,,,,,,,,,,,,,,,,,,,,,,,,,,,,,,,,,,,,
2026-04-16 0:00:00,Prosana,4,,,,21104,40,40x120/10 LDPE White,2026-04-18 0:00:00,,,,,,,,,,,,,,,,,,,,,,,,,,,,,,,,,,,,,,,,,,,,,,,
2026-04-22 0:00:00,Ginger Mary,2,,,,21058,40,40x105/10 COEX Cream,,,,,,,,,,,,,,,,,,,,,,,,,,,,,,,,,,,,,,,,,,,,,,,,
2026-04-22 0:00:00,Ginger Mary,2,,,,20888,50,50x50/10 Coex Cream,,,,,,,,,,,,,,,,,,,,,,,,,,,,,,,,,,,,,,,,,,,,,,,,
2026-03-04 0:00:00,Caribbean Tinted,4,,,x,20955,50,50x160/10 Coex Cream,Rob?,17/3 on hold Rob To Sort Out colours and layout 23/1/26 15/4 may go to Dubuit,,,,,,,,,,,,,,,,,,,,,,,,,,,,,,,,,,,,,,,,,,,,,,
2026-03-04 0:00:00,Caribbean Tinted,4,,,x,20956,50,50x160/10 Coex Cream,Rob?,17/3 on hold Rob To Sort Out colours and layout 23/1/26 15/4 may go to Dubuit,,,,,,,,,,,,,,,,,,,,,,,,,,,,,,,,,,,,,,,,,,,,,,
2026-04-20 0:00:00,Intrige Supreme,2,,x,,20970,50,50x160/10 LDPE Prl Maroon,2026-04-23 0:00:00,,,,,,,,,,,,,,,,,,,,,,,,,,,,,,,,,,,,,,,,,,,,,,,
2026-04-20 0:00:00,Intrige Supreme,2,,,,20969,40,40x105/10 LDPE Prl Maroon,,Tubes week 19,,,,,,,,,,,,,,,,,,,,,,,,,,,,,,,,,,,,,,,,,,,,,,
Colour trial,Revlon - Pink,3,,,,21119,50,50x130/10 Coex White,2026-04-14 0:00:00,These trials will use 1st set of plates to set colouir standards.,,,,,,,,,,,,,,,,,,,,,,,,,,,,,,,,,,,,,,,,,,,,,,
Colour trial,Revlon - Green,3,,,,21120,50,50x130/10 Coex White,2026-04-14 0:00:00,These trials will use 1st set of plates to set colouir standards.,,,,,,,,,,,,,,,,,,,,,,,,,,,,,,,,,,,,,,,,,,,,,,
Colour trial,Revlon - Turquiose,3,,,,21120,50,50x130/10 Coex White,2026-04-14 0:00:00,These trials will use 1st set of plates to set colouir standards.,,,,,,,,,,,,,,,,,,,,,,,,,,,,,,,,,,,,,,,,,,,,,,
,Cuticura Overseas Plates,,,,,,,,,Wait on Plates from Oversees. Cindy busy with these. May be manufactured oversees.,,,,,,,,,,,,,,,,,,,,,,,,,,,,,,,,,,,,,,,,,,,,,,
,Dubuit trials For Week 17,,,,,,,,,,,,,,,,,,,,,,,,,,,,,,,,,,,,,,,,,,,,,,,,,,,,,,,
2026-03-26 0:00:00,Dermopal,2,x,?,x,21038,40,40x120/10 Coex Orange,Week 16,30 march 2026 wait on approval of 35 outside supplier M/B.,,,,,,,,,,,,,,,,,,,,,,,,,,,,,,,,,,,,,,,,,,,,,,
2026-03-26 0:00:00,DermOpal,2,,,x,21037,35,35x145/10 coex Orange,,Retrial for brown colour,,,,,,,,,,,,,,,,,,,,,,,,,,,,,,,,,,,,,,,,,,,,,,
,Laminate Print Trial/Cindi Week  17,,,,,,,,,,,,,,,,,,,,,,,,,,,,,,,,,,,,,,,,,,,,,,,,,,,,,,,
,Laminate  Assebly Week 17,,,,,,,,,,,,,,,,,,,,,,,,,,,,,,,,,,,,,,,,,,,,,,,,,,,,,,,
,Foil Week 17,,,,,,,,,,,,,,,,,,,,,,,,,,,,,,,,,,,,,,,,,,,,,,,,,,,,,,,
,Offset  Trail Week 17,,,,,,,,,,,,,,,,,,,,,,,,,,,,,,,,,,,,,,,,,,,,,,,,,,,,,,,
,S/S  Week 14,,,,,,,,,,,,,,,,,,,,,,,,,,,,,,,,,,,,,,,,,,,,,,,,,,,,,,,
,,,,,,,,,,,,,,,,,,,,,,,,,,,,,,,,,,,,,,,,,,,,,,,,,,,,,,,,2018-05-14
,,,,,,,,,,,,,,,,,Brown 710c,,,,,,,,,,,,,,,,,,,,,,,,,,,,,,,,,,,,,,,
,,,,,,,,,,,,,,,,,,,,,,,,,,,,,,,,,,,,,,,,,,,,,,,,,,,,,,,,
# --------------------------------------------------,,,,,,,,,,,,,,,,,,,,,,,,,,,,,,,,,,,,,,,,,,,,,,,,,,,,,,,,
# --- WEEK 18 DATA START ---,,,,,,,,,,,,,,,,,,,,,,,,,,,,,,,,,,,,,,,,,,,,,,,,,,,,,,,,
# --------------------------------------------------,,,,,,,,,,,,,,,,,,,,,,,,,,,,,,,,,,,,,,,,,,,,,,,,,,,,,,,,
,2026,,,,,,,2026-04-28 0:00:00,,,,,,,,,,,,,,,,,,,,,,,,,,,,,,,,,,,,,,,,,,,,,,,,
Date Log,HK Trials For Week 18,# of colours,Order,Tubes,Plates/Posi,PP #,DIA,,Promise /    Complete,Comments,,,,,,,,,,,,,,,,,,,,,,,,,,,,,,,,,,,,,,,,,,,,,,
2026-04-23 0:00:00,Scar Science 50ml,2,x,x,x,20848,35,35x100/6 Coex White,,,,,,,,,,,,,,,,,,,,,,,,,,,,,,,,,,,,,,,,,,,,,,,,
2026-03-26 0:00:00,Shezen,2,x,x,x,21066,30,30x95/4 Coex Prl White,Week 15,8/4 wait on ink  will receive stock 20/4,,,,,,,,,,,,,,,,,,,,,,,,,,,,,,,,,,,,,,,,,,,,,,
,Arnica,5,x,x,x,21085,35,35x85/10 Coex White,,,,,,,,,,,,,,,,,,,,,,,,,,,,,,,,,,,,,,,,,,,,,,,,
2026-04-22 0:00:00,Ginger Mary,2,,,,21058,40,40x105/10 COEX Cream,,,,,,,,,,,,,,,,,,,,,,,,,,,,,,,,,,,,,,,,,,,,,,,,
2026-04-22 0:00:00,Ginger Mary,2,,,,20888,50,50x50/10 Coex Cream,,,,,,,,,,,,,,,,,,,,,,,,,,,,,,,,,,,,,,,,,,,,,,,,
2026-04-20 0:00:00,Intrige Supreme,2,x,x,x,20969,40,40x105/10 LDPE Prl Maroon,,Tubes week 19,,,,,,,,,,,,,,,,,,,,,,,,,,,,,,,,,,,,,,,,,,,,,,
2026-04-30 0:00:00,Sunscreen For Dogs and Cats SPF30 150ml,,,,,21067,,40x165/10 PBL,,Matt Laq,,,,,,,,,,,,,,,,,,,,,,,,,,,,,,,,,,,,,,,,,,,,,,
2026-04-30 0:00:00,Sunscreen UVA & UVB Protection SPF30 150ml,,,,,21069,,40x165/10 PBL,,Matt Laq,,,,,,,,,,,,,,,,,,,,,,,,,,,,,,,,,,,,,,,,,,,,,,
Colour trial,Revlon - Pink,3,,,,21119,50,50x130/10 Coex White,2026-04-14 0:00:00,These trials will use 1st set of plates to set colouir standards.,,,,,,,,,,,,,,,,,,,,,,,,,,,,,,,,,,,,,,,,,,,,,,
Colour trial,Revlon - Green,3,,,,21120,50,50x130/10 Coex White,2026-04-14 0:00:00,These trials will use 1st set of plates to set colouir standards.,,,,,,,,,,,,,,,,,,,,,,,,,,,,,,,,,,,,,,,,,,,,,,
Colour trial,Revlon - Turquiose,3,,,,21120,50,50x130/10 Coex White,2026-04-14 0:00:00,These trials will use 1st set of plates to set colouir standards.,,,,,,,,,,,,,,,,,,,,,,,,,,,,,,,,,,,,,,,,,,,,,,
,Cuticura Overseas Plates,,,,,,,,,Wait on Plates from Oversees. Cindy busy with these. May be manufactured oversees.,,,,,,,,,,,,,,,,,,,,,,,,,,,,,,,,,,,,,,,,,,,,,,
,Dubuit trials For Week 18,,,,,,,,,,,,,,,,,,,,,,,,,,,,,,,,,,,,,,,,,,,,,,,,,,,,,,,
2026-03-26 0:00:00,Dermopal,2,x,?,x,21038,40,40x120/10 Coex Orange,week,30 march 2026 wait on approval of 35 outside supplier M/B.,,,,,,,,,,,,,,,,,,,,,,,,,,,,,,,,,,,,,,,,,,,,,,
2026-03-26 0:00:00,DermOpal,2,x,x,x,21037,35,35x145/10 coex Orange,2026-04-30 0:00:00,Retrial for brown colour,,,,,,,,,,,,,,,,,,,,,,,,,,,,,,,,,,,,,,,,,,,,,,
,Laminate Print Trial/Cindi Week  18,,,,,,,,,,,,,,,,,,,,,,,,,,,,,,,,,,,,,,,,,,,,,,,,,,,,,,,
2026-04-23 0:00:00,Sunscreen For Dogs and Cats SPF30 150ml,,,,,21067,40,40x165/10 PBL,2026-04-23 0:00:00,,,,,,,,,,,,,,,,,,,,,,,,,,,,,,,,,,,,,,,,,,,,,,,
2026-04-23 0:00:00,Sunscreen UVA & UVB Protection SPF30 150ml,,,,,21069,40,40x165/10 PBL,2026-04-23 0:00:00,,,,,,,,,,,,,,,,,,,,,,,,,,,,,,,,,,,,,,,,,,,,,,,
,Laminate  Assebly Week 18,,,,,,,,,,,,,,,,,,,,,,,,,,,,,,,,,,,,,,,,,,,,,,,,,,,,,,,
2026-04-23 0:00:00,Sunscreen For Dogs and Cats SPF30 150ml,,,,,21067,,40x165/10 PBL,2026-04-30 0:00:00,,,,,,,,,,,,,,,,,,,,,,,,,,,,,,,,,,,,,,,,,,,,,,,
2026-04-23 0:00:00,Sunscreen UVA & UVB Protection SPF30 150ml,,,,,21069,,40x165/10 PBL,2026-04-30 0:00:00,,,,,,,,,,,,,,,,,,,,,,,,,,,,,,,,,,,,,,,,,,,,,,,
,Foil Week 18,,,,,,,,,,,,,,,,,,,,,,,,,,,,,,,,,,,,,,,,,,,,,,,,,,,,,,,
2026-04-25 0:00:00,Prosana,3,,,,21105,40,40x120/10 LDPE White,,,,,,,,,,,,,,,,,,,,,,,,,,,,,,,,,,,,,,,,,,,,,,,,
2026-04-25 0:00:00,Prosana,4,,,,21104,40,40x120/10 LDPE White,,,,,,,,,,,,,,,,,,,,,,,,,,,,,,,,,,,,,,,,,,,,,,,,
,Offset  Trail Week 18,,,,,,,,,,,,,,,,,,,,,,,,,,,,,,,,,,,,,,,,,,,,,,,,,,,,,,,
,S/S  Week 18,,,,,,,,,,,,,,,,,,,,,,,,,,,,,,,,,,,,,,,,,,,,,,,,,,,,,,,
,,,,,,,,,,,,,,,,,,,,,,,,,,,,,,,,,,,,,,,,,,,,,,,,,,,,,,,,2018-05-14
,,,,,,,,,,,,,,,,,Brown 710c,,,,,,,,,,,,,,,,,,,,,,,,,,,,,,,,,,,,,,,
,,,,,,,,,,,,,,,,,,,,,,,,,,,,,,,,,,,,,,,,,,,,,,,,,,,,,,,,
# --------------------------------------------------,,,,,,,,,,,,,,,,,,,,,,,,,,,,,,,,,,,,,,,,,,,,,,,,,,,,,,,,
# --- WEEK 19 DATA START ---,,,,,,,,,,,,,,,,,,,,,,,,,,,,,,,,,,,,,,,,,,,,,,,,,,,,,,,,
# --------------------------------------------------,,,,,,,,,,,,,,,,,,,,,,,,,,,,,,,,,,,,,,,,,,,,,,,,,,,,,,,,
,2026,,,,,,,2025-05-04 0:00:00,,,,,,,,,,,,,,,,,,,,,,,,,,,,,,,,,,,,,,,,,,,,,,,,
Date Log,HK Trials For Week 19,# of colours,Order,Tubes,Plates/Posi,PP #,DIA,,Promise /    Complete,Comments,,,,,,,,,,,,,,,,,,,,,,,,,,,,,,,,,,,,,,,,,,,,,,
2026-03-26 0:00:00,Shezen,2,x,x,x,21066,30,30x95/4 Coex Prl White,2026-05-04 0:00:00,8/4 wait on ink  will receive stock 20/4,,,,,,,,,,,,,,,,,,,,,,,,,,,,,,,,,,,,,,,,,,,,,,
2026-05-08 0:00:00,Orri,4,,x,,21029,22,22x80/4 Coex White,2026-05-09 0:00:00,,,,,,,,,,,,,,,,,,,,,,,,,,,,,,,,,,,,,,,,,,,,,,,
,Vanilla,5,x,,x,20883,35,35x110/4 Coex White,,,,,,,,,,,,,,,,,,,,,,,,,,,,,,,,,,,,,,,,,,,,,,,,
2026-05-08 0:00:00,Oh Lief,4,,,,21190,40,40x120/10 Coex White,2026-05-09 0:00:00,,,,,,,,,,,,,,,,,,,,,,,,,,,,,,,,,,,,,,,,,,,,,,,
2026-05-08 0:00:00,Blue Steel,3,,,,21170,40,40x120/10 Coex White,,,,,,,,,,,,,,,,,,,,,,,,,,,,,,,,,,,,,,,,,,,,,,,,
2026-04-22 0:00:00,Ginger Mary,2,,,,21058,40,40x105/10 COEX Cream,,,,,,,,,,,,,,,,,,,,,,,,,,,,,,,,,,,,,,,,,,,,,,,,
2026-04-22 0:00:00,Ginger Mary,2,,,,20888,50,50x50/10 Coex Cream,,,,,,,,,,,,,,,,,,,,,,,,,,,,,,,,,,,,,,,,,,,,,,,,
2026-04-20 0:00:00,Intrige Supreme,2,x,x,x,20969,40,40x105/10 LDPE Prl Maroon,2026-05-09 0:00:00,Tubes week 19,,,,,,,,,,,,,,,,,,,,,,,,,,,,,,,,,,,,,,,,,,,,,,
2026-05-08 0:00:00,Clicks Shower,7,,,,21172,50,50x140/10 COEX White,,,,,,,,,,,,,,,,,,,,,,,,,,,,,,,,,,,,,,,,,,,,,,,,
2026-05-08 0:00:00,Badedas,7,,,,21195,50,50x180/10 Coex Natural,,,,,,,,,,,,,,,,,,,,,,,,,,,,,,,,,,,,,,,,,,,,,,,,
2026-04-30 0:00:00,Sunscreen For Dogs and Cats SPF30 150ml,,,,,21067,,40x165/10 PBL,2026-05-07 0:00:00,Matt Laq,,,,,,,,,,,,,,,,,,,,,,,,,,,,,,,,,,,,,,,,,,,,,,
2026-04-30 0:00:00,Sunscreen UVA & UVB Protection SPF30 150ml,,,,,21069,,40x165/10 PBL,2026-05-07 0:00:00,Matt Laq,,,,,,,,,,,,,,,,,,,,,,,,,,,,,,,,,,,,,,,,,,,,,,
Colour trial,Revlon - Pink,3,,,,21119,50,50x130/10 Coex White,2026-04-14 0:00:00,These trials will use 1st set of plates to set colouir standards.,,,,,,,,,,,,,,,,,,,,,,,,,,,,,,,,,,,,,,,,,,,,,,
Colour trial,Revlon - Green,3,,,,21120,50,50x130/10 Coex White,2026-04-14 0:00:00,These trials will use 1st set of plates to set colouir standards.,,,,,,,,,,,,,,,,,,,,,,,,,,,,,,,,,,,,,,,,,,,,,,
Colour trial,Revlon - Turquiose,3,,,,21120,50,50x130/10 Coex White,2026-04-14 0:00:00,These trials will use 1st set of plates to set colouir standards.,,,,,,,,,,,,,,,,,,,,,,,,,,,,,,,,,,,,,,,,,,,,,,
,Cuticura Overseas Plates,,,,,,,,,Wait on Plates from Oversees. Cindy busy with these. May be manufactured oversees.,,,,,,,,,,,,,,,,,,,,,,,,,,,,,,,,,,,,,,,,,,,,,,
,Dubuit trials For Week 19,,,,,,,,,,,,,,,,,,,,,,,,,,,,,,,,,,,,,,,,,,,,,,,,,,,,,,,
2026-03-26 0:00:00,Dermopal,2,x,x,x,21038,40,40x120/10 Coex Orange,2026-05-11 0:00:00,30 march 2026 wait on approval of 35 outside supplier M/B.,,,,,,,,,,,,,,,,,,,,,,,,,,,,,,,,,,,,,,,,,,,,,,
2026-03-26 0:00:00,DermOpal,2,x,x,x,21037,35,35x145/10 coex Orange,2026-04-30 0:00:00,Retrial for brown colour,,,,,,,,,,,,,,,,,,,,,,,,,,,,,,,,,,,,,,,,,,,,,,
,BB Cream,,,,,21124,35,35x85/10 Coex Pink,,,,,,,,,,,,,,,,,,,,,,,,,,,,,,,,,,,,,,,,,,,,,,,,
2026-05-08 0:00:00,Zalu,1,,,,21117,40,40x95/10 Coex Brown,2026-05-11 0:00:00,,,,,,,,,,,,,,,,,,,,,,,,,,,,,,,,,,,,,,,,,,,,,,,
,Laminate Print Trial/Cindi Week  19,,,,,,,,,,,,,,,,,,,,,,,,,,,,,,,,,,,,,,,,,,,,,,,,,,,,,,,
,Laminate  Assebly Week 19,,,,,,,,,,,,,,,,,,,,,,,,,,,,,,,,,,,,,,,,,,,,,,,,,,,,,,,
,Foil Week 19,,,,,,,,,,,,,,,,,,,,,,,,,,,,,,,,,,,,,,,,,,,,,,,,,,,,,,,
2026-04-25 0:00:00,Prosana,3,,,,21105,40,40x120/10 LDPE White,2026-05-09 0:00:00,,,,,,,,,,,,,,,,,,,,,,,,,,,,,,,,,,,,,,,,,,,,,,,
2026-04-25 0:00:00,Prosana,4,,,,21104,40,40x120/10 LDPE White,2026-05-09 0:00:00,,,,,,,,,,,,,,,,,,,,,,,,,,,,,,,,,,,,,,,,,,,,,,,
,Intrige Supreme,2,x,x,x,20969,40,40x105/10 LDPE Prl Maroon,,,,,,,,,,,,,,,,,,,,,,,,,,,,,,,,,,,,,,,,,,,,,,,,
,Revlon Bottle,2,,,,21055,,,,,,,,,,,,,,,,,,,,,,,,,,,,,,,,,,,,,,,,,,,,,,,,,,
,Revlon Bottle,2,,,,21056,,,,,,,,,,,,,,,,,,,,,,,,,,,,,,,,,,,,,,,,,,,,,,,,,,
,Revlon Bottle,2,,,,21054,,,,,,,,,,,,,,,,,,,,,,,,,,,,,,,,,,,,,,,,,,,,,,,,,,
,BB Cream,,,,,21124,35,35x85/10 Coex Pink,,,,,,,,,,,,,,,,,,,,,,,,,,,,,,,,,,,,,,,,,,,,,,,,
,Offset  Trail Week 19,,,,,,,,,,,,,,,,,,,,,,,,,,,,,,,,,,,,,,,,,,,,,,,,,,,,,,,
,S/S  Week 19,,,,,,,,,,,,,,,,,,,,,,,,,,,,,,,,,,,,,,,,,,,,,,,,,,,,,,,
,Revlon Bottle,2,,,,21055,,,,,,,,,,,,,,,,,,,,,,,,,,,,,,,,,,,,,,,,,,,,,,,,,,
,Revlon Bottle,2,,,,21056,,,,,,,,,,,,,,,,,,,,,,,,,,,,,,,,,,,,,,,,,,,,,,,,,,
,Revlon Bottle,2,,,,21054,,,,,,,,,,,,,,,,,,,,,,,,,,,,,,,,,,,,,,,,,,,,,,,,,,
,,,,,,,,,,,,,,,,,,,,,,,,,,,,,,,,,,,,,,,,,,,,,,,,,,,,,,,,2018-05-14
,,,,,,,,,,,,,,,,,Brown 710c,,,,,,,,,,,,,,,,,,,,,,,,,,,,,,,,,,,,,,,
,,,,,,,,,,,,,,,,,,,,,,,,,,,,,,,,,,,,,,,,,,,,,,,,,,,,,,,,
# --------------------------------------------------,,,,,,,,,,,,,,,,,,,,,,,,,,,,,,,,,,,,,,,,,,,,,,,,,,,,,,,,
# --- WEEK 20 DATA START ---,,,,,,,,,,,,,,,,,,,,,,,,,,,,,,,,,,,,,,,,,,,,,,,,,,,,,,,,
# --------------------------------------------------,,,,,,,,,,,,,,,,,,,,,,,,,,,,,,,,,,,,,,,,,,,,,,,,,,,,,,,,
,2026,,,,,,,2026-05-11 0:00:00,,,,,,,,,,,,,,,,,,,,,,,,,,,,,,,,,,,,,,,,,,,,,,,,
Date Log,HK Trials For Week 20,# of colours,Order,Tubes,Plates/Posi,PP #,DIA,,Promise /    Complete,Comments,,,,,,,,,,,,,,,,,,,,,,,,,,,,,,,,,,,,,,,,,,,,,,
,Vanilla,5,x,,x,20883,35,35x110/4 Coex Beige,,Tubes available 23 may 35 run.,,,,,,,,,,,,,,,,,,,,,,,,,,,,,,,,,,,,,,,,,,,,,,
2026-05-08 0:00:00,Oh Lief,4,x,x,x,21190,40,40x120/10 Coex White,2026-05-18 0:00:00,,,,,,,,,,,,,,,,,,,,,,,,,,,,,,,,,,,,,,,,,,,,,,,
2026-05-08 0:00:00,Blue Steel,3,x,x,x,21170,40,40x120/10 Coex White,2026-05-18 0:00:00,,,,,,,,,,,,,,,,,,,,,,,,,,,,,,,,,,,,,,,,,,,,,,,
2026-04-22 0:00:00,Ginger Mary,2,x,,x,21058,40,40x105/10 COEX Cream,,13/5/26Wait on new chip approval so we can run tubes. Tubes week 21,,,,,,,,,,,,,,,,,,,,,,,,,,,,,,,,,,,,,,,,,,,,,,
2026-04-22 0:00:00,Ginger Mary,2,x,,x,20888,50,50x150/10 Coex Cream,2026-05-18 0:00:00,Tubes by week 21,,,,,,,,,,,,,,,,,,,,,,,,,,,,,,,,,,,,,,,,,,,,,,
2026-05-08 0:00:00,Clicks Shower,7,x,x,x,21172,50,50x140/10 COEX White,2026-05-18 0:00:00,,,,,,,,,,,,,,,,,,,,,,,,,,,,,,,,,,,,,,,,,,,,,,,
2026-05-08 0:00:00,Badedas,7,x,x,x,21195,50,50x180/10 Coex Natural,2026-05-14 0:00:00,,,,,,,,,,,,,,,,,,,,,,,,,,,,,,,,,,,,,,,,,,,,,,,
,Dry Skin,,,,,21075,40,40x120/10 PBL,,gloss laq.,,,,,,,,,,,,,,,,,,,,,,,,,,,,,,,,,,,,,,,,,,,,,,
2026-05-11 0:00:00,3 x perfume Garden,,,,,,,,2026-05-11 0:00:00,,,,,,,,,,,,,,,,,,,,,,,,,,,,,,,,,,,,,,,,,,,,,,,
Colour trial,Revlon - Pink,3,,,,21119,50,50x130/10 Coex White,2026-04-14 0:00:00,These trials will use 1st set of plates to set colouir standards.,,,,,,,,,,,,,,,,,,,,,,,,,,,,,,,,,,,,,,,,,,,,,,
Colour trial,Revlon - Green,3,,,,21120,50,50x130/10 Coex White,2026-04-14 0:00:00,These trials will use 1st set of plates to set colouir standards.,,,,,,,,,,,,,,,,,,,,,,,,,,,,,,,,,,,,,,,,,,,,,,
Colour trial,Revlon - Turquiose,3,,,,21120,50,50x130/10 Coex White,2026-04-14 0:00:00,These trials will use 1st set of plates to set colouir standards.,,,,,,,,,,,,,,,,,,,,,,,,,,,,,,,,,,,,,,,,,,,,,,
,Cuticura Overseas Plates,,,,,,,,,Wait on Plates from Oversees. Cindy busy with these. May be manufactured oversees.,,,,,,,,,,,,,,,,,,,,,,,,,,,,,,,,,,,,,,,,,,,,,,
,Dubuit trials For Week 20,,,,,,,,,,,,,,,,,,,,,,,,,,,,,,,,,,,,,,,,,,,,,,,,,,,,,,,
2026-03-26 0:00:00,Dermopal,2,x,x,x,21038,40,40x120/10 Coex Orange,2026-05-14 0:00:00,30 march 2026 wait on approval of 35 outside supplier M/B.,,,,,,,,,,,,,,,,,,,,,,,,,,,,,,,,,,,,,,,,,,,,,,
2026-05-06 0:00:00,BB Cream,4,,,,21124,35,35x85/10 Coex Pink,,Tubes available 23 may,,,,,,,,,,,,,,,,,,,,,,,,,,,,,,,,,,,,,,,,,,,,,,
2026-05-08 0:00:00,Zalu,1,x,x,x,21117,40,40x95/10 Coex Brown,2026-05-14 0:00:00,,,,,,,,,,,,,,,,,,,,,,,,,,,,,,,,,,,,,,,,,,,,,,,
2026-05-13 0:00:00,Clicks,5,x,x,x,20920,40,40x120/10 Coex Orange,2026-05-15 0:00:00,14/5 wait on approved art,,,,,,,,,,,,,,,,,,,,,,,,,,,,,,,,,,,,,,,,,,,,,,
,Laminate Print Trial/Cindi Week  20,,,,,,,,,,,,,,,,,,,,,,,,,,,,,,,,,,,,,,,,,,,,,,,,,,,,,,,
,Dry Skin,,,,,21075,40,40x120/10 PBL,,,,,,,,,,,,,,,,,,,,,,,,,,,,,,,,,,,,,,,,,,,,,,,,
2026-05-11 0:00:00,3 x perfume Garden,,,,,,,,2026-05-11 0:00:00,,,,,,,,,,,,,,,,,,,,,,,,,,,,,,,,,,,,,,,,,,,,,,,
,Laminate  Assebly Week 20,,,,,,,,,,,,,,,,,,,,,,,,,,,,,,,,,,,,,,,,,,,,,,,,,,,,,,,
,Foil Week 20,,,,,,,,,,,,,,,,,,,,,,,,,,,,,,,,,,,,,,,,,,,,,,,,,,,,,,,
2026-05-08 0:00:00,Badedas,7,x,x,x,21195,50,50x180/10 Coex Natural,2026-05-14 0:00:00,,,,,,,,,,,,,,,,,,,,,,,,,,,,,,,,,,,,,,,,,,,,,,,
2026-05-09 0:00:00,Intrige Supreme,2,x,x,x,20969,40,40x105/10 LDPE Prl Maroon,,,,,,,,,,,,,,,,,,,,,,,,,,,,,,,,,,,,,,,,,,,,,,,,
,Dry Skin,,,,,21075,40,40x120/10 PBL,,,,,,,,,,,,,,,,,,,,,,,,,,,,,,,,,,,,,,,,,,,,,,,,
2026-05-12 0:00:00,3 x perfume Garden,,,,,,,,2026-05-12 0:00:00,,,,,,,,,,,,,,,,,,,,,,,,,,,,,,,,,,,,,,,,,,,,,,,
,Revlon Bottle,2,,,,21055,,,,,,,,,,,,,,,,,,,,,,,,,,,,,,,,,,,,,,,,,,,,,,,,,,
,Revlon Bottle,2,,,,21056,,,,,,,,,,,,,,,,,,,,,,,,,,,,,,,,,,,,,,,,,,,,,,,,,,
,Revlon Bottle,2,,,,21054,,,,,,,,,,,,,,,,,,,,,,,,,,,,,,,,,,,,,,,,,,,,,,,,,,
,BB Cream,,,,,21124,35,35x85/10 Coex Pink,,,,,,,,,,,,,,,,,,,,,,,,,,,,,,,,,,,,,,,,,,,,,,,,
,Offset  Trail Week 19,,,,,,,,,,,,,,,,,,,,,,,,,,,,,,,,,,,,,,,,,,,,,,,,,,,,,,,
,S/S  Week 19,,,,,,,,,,,,,,,,,,,,,,,,,,,,,,,,,,,,,,,,,,,,,,,,,,,,,,,
,Revlon Bottle,2,,,,21055,,,,,,,,,,,,,,,,,,,,,,,,,,,,,,,,,,,,,,,,,,,,,,,,,,
,Revlon Bottle,2,,,,21056,,,,,,,,,,,,,,,,,,,,,,,,,,,,,,,,,,,,,,,,,,,,,,,,,,
,Revlon Bottle,2,,,,21054,,,,,,,,,,,,,,,,,,,,,,,,,,,,,,,,,,,,,,,,,,,,,,,,,,
,,,,,,,,,,,,,,,,,,,,,,,,,,,,,,,,,,,,,,,,,,,,,,,,,,,,,,,,2018-05-14
,,,,,,,,,,,,,,,,,Brown 710c,,,,,,,,,,,,,,,,,,,,,,,,,,,,,,,,,,,,,,,
,,,,,,,,,,,,,,,,,,,,,,,,,,,,,,,,,,,,,,,,,,,,,,,,,,,,,,,,
# --------------------------------------------------,,,,,,,,,,,,,,,,,,,,,,,,,,,,,,,,,,,,,,,,,,,,,,,,,,,,,,,,
# --- WEEK 21 DATA START ---,,,,,,,,,,,,,,,,,,,,,,,,,,,,,,,,,,,,,,,,,,,,,,,,,,,,,,,,
# --------------------------------------------------,,,,,,,,,,,,,,,,,,,,,,,,,,,,,,,,,,,,,,,,,,,,,,,,,,,,,,,,
,2026,,,,,,,2026-05-18 0:00:00,,,,,,,,,,,,,,,,,,,,,,,,,,,,,,,,,,,,,,,,,,,,,,,,
Date Log,HK Trials For Week 21,# of colours,Order,Tubes,Plates/Posi,PP #,DIA,,Promise /    Complete,Comments,,,,,,,,,,,,,,,,,,,,,,,,,,,,,,,,,,,,,,,,,,,,,,
,Vanilla,5,x,,x,20883,35,35x110/4 Coex Beige,,Tubes available 23 may 35 run.,,,,,,,,,,,,,,,,,,,,,,,,,,,,,,,,,,,,,,,,,,,,,,
2026-04-22 0:00:00,Ginger Mary,2,x,,x,21058,40,40x105/10 COEX Cream,,13/5/26Wait on new chip approval so we can run tubes. Tubes week 21,,,,,,,,,,,,,,,,,,,,,,,,,,,,,,,,,,,,,,,,,,,,,,
2026-04-22 0:00:00,Ginger Mary,2,x,x,x,20888,50,50x150/10 Coex Cream,,Tubes by week 21,,,,,,,,,,,,,,,,,,,,,,,,,,,,,,,,,,,,,,,,,,,,,,
2026-05-08 0:00:00,Clicks Shower,7,x,x,x,21172,50,50x140/10 COEX White,,,,,,,,,,,,,,,,,,,,,,,,,,,,,,,,,,,,,,,,,,,,,,,,
2026-05-21 0:00:00,Oxy,4,,,,21204,40,40120/10 Coex White,,,,,,,,,,,,,,,,,,,,,,,,,,,,,,,,,,,,,,,,,,,,,,,,
2026-05-21 0:00:00,Oxy,4,,x,,20910,50,50x125/10 Coex White,,,,,,,,,,,,,,,,,,,,,,,,,,,,,,,,,,,,,,,,,,,,,,,,
2026-05-21 0:00:00,Oxy,5,,x,,20911,50,50x125/10 Coex White,,,,,,,,,,,,,,,,,,,,,,,,,,,,,,,,,,,,,,,,,,,,,,,,
2026-05-21 0:00:00,Intrigue,1,,x,,21189,50,50x160/10 Coex Maroon,,,,,,,,,,,,,,,,,,,,,,,,,,,,,,,,,,,,,,,,,,,,,,,,
,Dry Skin,,,,,21075,40,40x120/10 PBL,,,,,,,,,,,,,,,,,,,,,,,,,,,,,,,,,,,,,,,,,,,,,,,,
Colour trial,Revlon - Pink,3,,,,21119,50,50x130/10 Coex White,2026-04-14 0:00:00,These trials will use 1st set of plates to set colouir standards.,,,,,,,,,,,,,,,,,,,,,,,,,,,,,,,,,,,,,,,,,,,,,,
Colour trial,Revlon - Green,3,,,,21120,50,50x130/10 Coex White,2026-04-14 0:00:00,These trials will use 1st set of plates to set colouir standards.,,,,,,,,,,,,,,,,,,,,,,,,,,,,,,,,,,,,,,,,,,,,,,
Colour trial,Revlon - Turquiose,3,,,,21120,50,50x130/10 Coex White,2026-04-14 0:00:00,These trials will use 1st set of plates to set colouir standards.,,,,,,,,,,,,,,,,,,,,,,,,,,,,,,,,,,,,,,,,,,,,,,
,Cuticura Overseas Plates,,,,,,,,,Wait on Plates from Oversees. Cindy busy with these. May be manufactured oversees.,,,,,,,,,,,,,,,,,,,,,,,,,,,,,,,,,,,,,,,,,,,,,,
,Dubuit trials For Week 21,,,,,,,,,,,,,,,,,,,,,,,,,,,,,,,,,,,,,,,,,,,,,,,,,,,,,,,
2026-05-21 0:00:00,Justine Night Cream,2,,,,21242,35,35x90/10 Coex Beige,,19/5 no tubes,,,,,,,,,,,,,,,,,,,,,,,,,,,,,,,,,,,,,,,,,,,,,,
2026-05-21 0:00:00,Justine Daily,2,,,,21241,35,35x90/10 Coex Pink,,19/5 no tubes,,,,,,,,,,,,,,,,,,,,,,,,,,,,,,,,,,,,,,,,,,,,,,
2026-05-06 0:00:00,BB Cream,4,,,,21124,35,35x85/10 Coex Pink,,Tubes available 23 may,,,,,,,,,,,,,,,,,,,,,,,,,,,,,,,,,,,,,,,,,,,,,,
,Clicks,5,x,x,x,20920,40,40x120/10 Coex Orange,,14/5 wait on approved art,,,,,,,,,,,,,,,,,,,,,,,,,,,,,,,,,,,,,,,,,,,,,,
2026-05-18 0:00:00,Caribbean Tan,3,,x,,20954,50,50x160/10 Coex Pink,,,,,,,,,,,,,,,,,,,,,,,,,,,,,,,,,,,,,,,,,,,,,,,,
2026-05-21 0:00:00,Justine Carpe Diem,3,,,,21240,50,50x150/10 Coex Black,,,,,,,,,,,,,,,,,,,,,,,,,,,,,,,,,,,,,,,,,,,,,,,,
,Laminate Print Trial/Cindi Week  21,,,,,,,,,,,,,,,,,,,,,,,,,,,,,,,,,,,,,,,,,,,,,,,,,,,,,,,
,Dry Skin,,,,,21075,40,40x120/10 PBL,,,,,,,,,,,,,,,,,,,,,,,,,,,,,,,,,,,,,,,,,,,,,,,,
,Laminate  Assebly Week 21,,,,,,,,,,,,,,,,,,,,,,,,,,,,,,,,,,,,,,,,,,,,,,,,,,,,,,,
,Foil Week 21,,,,,,,,,,,,,,,,,,,,,,,,,,,,,,,,,,,,,,,,,,,,,,,,,,,,,,,
,Dry Skin,,,,,21075,40,40x120/10 PBL,,,,,,,,,,,,,,,,,,,,,,,,,,,,,,,,,,,,,,,,,,,,,,,,
,Revlon Bottle,2,,,,21055,,,,,,,,,,,,,,,,,,,,,,,,,,,,,,,,,,,,,,,,,,,,,,,,,,
,Revlon Bottle,2,,,,21056,,,,,,,,,,,,,,,,,,,,,,,,,,,,,,,,,,,,,,,,,,,,,,,,,,
,Revlon Bottle,2,,,,21054,,,,,,,,,,,,,,,,,,,,,,,,,,,,,,,,,,,,,,,,,,,,,,,,,,
,BB Cream,,,,,21124,35,35x85/10 Coex Pink,,,,,,,,,,,,,,,,,,,,,,,,,,,,,,,,,,,,,,,,,,,,,,,,
,Offset  Trail Week 21,,,,,,,,,,,,,,,,,,,,,,,,,,,,,,,,,,,,,,,,,,,,,,,,,,,,,,,
,S/S  Week 21,,,,,,,,,,,,,,,,,,,,,,,,,,,,,,,,,,,,,,,,,,,,,,,,,,,,,,,
,Revlon Bottle,2,,,,21055,,,,,,,,,,,,,,,,,,,,,,,,,,,,,,,,,,,,,,,,,,,,,,,,,,
,Revlon Bottle,2,,,,21056,,,,,,,,,,,,,,,,,,,,,,,,,,,,,,,,,,,,,,,,,,,,,,,,,,
,Revlon Bottle,2,,,,21054,,,,,,,,,,,,,,,,,,,,,,,,,,,,,,,,,,,,,,,,,,,,,,,,,,
,,,,,,,,,,,,,,,,,,,,,,,,,,,,,,,,,,,,,,,,,,,,,,,,,,,,,,,,2018-05-14
,,,,,,,,,,,,,,,,,Brown 710c,,,,,,,,,,,,,,,,,,,,,,,,,,,,,,,,,,,,,,,